/*******************************************************************************
 * Size: 15 px
 * Bpp: 4
 * Opts: --font /var/folders/mf/bg1g8q790jd8jbbsl2j29k6h0000gn/T/tmp.VKkzaKGcOc/face.ttf --size 15 -r 0x20-0x7E -r 0xA0-0xFF -r 0x0192 -r 0x0393,0x0398,0x03A3,0x03A6,0x03A9 -r 0x03B1,0x03B2,0x03B4,0x03B5,0x03C0,0x03C3,0x03C4,0x03C6 -r 0x2022 -r 0x203C -r 0x207F -r 0x20A7 -r 0x2190-0x2195 -r 0x21A8 -r 0x2219,0x221A,0x221E,0x221F,0x2229,0x2248,0x2261,0x2264,0x2265 -r 0x2302 -r 0x2310 -r 0x2320,0x2321 -r 0x2500-0x257F -r 0x2580-0x259F -r 0x25A0,0x25AC,0x25B2,0x25BA,0x25BC,0x25C4,0x25CB,0x25D8,0x25D9 -r 0x263A,0x263B,0x263C -r 0x2640,0x2642 -r 0x266A,0x266B -r 0x2660,0x2663,0x2665,0x2666 --format lvgl --bpp 4 --no-compress --force-fast-kern-format --lv-include lvgl.h -o src/ui/fonts/acid_mono_15.c
 ******************************************************************************/

#ifdef LV_LVGL_H_INCLUDE_SIMPLE
#include "lvgl.h"
#else
#include "lvgl.h"
#endif

#ifndef ACID_MONO_15
#define ACID_MONO_15 1
#endif

#if ACID_MONO_15

/*-----------------
 *    BITMAPS
 *----------------*/

/*Store the image of the glyphs*/
static LV_ATTRIBUTE_LARGE_CONST const uint8_t glyph_bitmap[] = {
    /* U+0020 " " */

    /* U+0021 "!" */
    0xf, 0x70, 0xf7, 0xf, 0x70, 0xf7, 0xf, 0x70,
    0xf7, 0xe, 0x60, 0x73, 0x0, 0x0, 0x0, 0x3f,
    0xb3, 0xfb,

    /* U+0022 "\"" */
    0xaf, 0x0, 0xbe, 0xaf, 0x0, 0xbe, 0xaf, 0x0,
    0xbe, 0xaf, 0x0, 0xbe, 0x7c, 0x0, 0x9b,

    /* U+0023 "#" */
    0x0, 0x4, 0xe0, 0x4d, 0x0, 0x0, 0x7, 0xa0,
    0x8a, 0x0, 0x0, 0xb, 0x70, 0xb6, 0x0, 0xf,
    0xff, 0xff, 0xff, 0xf1, 0x3, 0x5f, 0x35, 0xf3,
    0x30, 0x0, 0x5d, 0x5, 0xc0, 0x0, 0x0, 0x8a,
    0x9, 0x90, 0x0, 0x0, 0xb7, 0xc, 0x60, 0x0,
    0xff, 0xff, 0xff, 0xff, 0x20, 0x25, 0xf3, 0x6f,
    0x33, 0x0, 0x7, 0xb0, 0x7b, 0x0, 0x0, 0xb,
    0x70, 0xc6, 0x0, 0x0,

    /* U+0024 "$" */
    0x0, 0xa, 0x10, 0x0, 0x0, 0xa, 0x10, 0x0,
    0x5, 0xcf, 0xeb, 0x30, 0x4f, 0x5b, 0x46, 0x50,
    0x8c, 0xa, 0x10, 0x0, 0x7e, 0x1a, 0x10, 0x0,
    0xc, 0xff, 0x83, 0x0, 0x0, 0x3c, 0xcf, 0x70,
    0x0, 0xa, 0x17, 0xf0, 0x0, 0xa, 0x14, 0xf1,
    0x88, 0x4b, 0x4c, 0xc0, 0x3b, 0xef, 0xea, 0x10,
    0x0, 0xa, 0x10, 0x0, 0x0, 0xa, 0x10, 0x0,
    0x0, 0x5, 0x0, 0x0,

    /* U+0025 "%" */
    0x9, 0xea, 0x10, 0x0, 0x7, 0xb2, 0x9a, 0x0,
    0x0, 0xb4, 0x1, 0xd0, 0x0, 0x9, 0x90, 0x6b,
    0x0, 0x23, 0x1c, 0xfd, 0x25, 0xbe, 0x60, 0x3,
    0x8e, 0xb4, 0x0, 0x4b, 0xd7, 0x2a, 0xe9, 0x4,
    0x40, 0xa, 0x92, 0xb8, 0x0, 0x0, 0xd2, 0x4,
    0xb0, 0x0, 0xa, 0x81, 0xa8, 0x0, 0x0, 0x1c,
    0xfa, 0x0,

    /* U+0026 "&" */
    0x0, 0x4d, 0xfd, 0x40, 0x0, 0x1f, 0x93, 0x64,
    0x0, 0x3, 0xf1, 0x0, 0x0, 0x0, 0x1f, 0x40,
    0x0, 0x0, 0x0, 0xbc, 0x0, 0x0, 0x0, 0x5f,
    0xf7, 0x0, 0x0, 0x1f, 0x56, 0xf2, 0x5, 0xb7,
    0xd0, 0xb, 0xc0, 0x7b, 0x8c, 0x0, 0x1e, 0x89,
    0x86, 0xf1, 0x0, 0x5f, 0xf2, 0xd, 0xb2, 0x5,
    0xfe, 0x0, 0x1a, 0xfe, 0xb5, 0xe9,

    /* U+0027 "'" */
    0x3f, 0x73, 0xf7, 0x3f, 0x73, 0xf7, 0x2e, 0x60,

    /* U+0028 "(" */
    0x0, 0x7, 0x10, 0x6, 0xc0, 0x0, 0xe5, 0x0,
    0x4f, 0x0, 0xa, 0xb0, 0x0, 0xd8, 0x0, 0xf,
    0x60, 0x1, 0xf5, 0x0, 0xf, 0x60, 0x0, 0xf7,
    0x0, 0xb, 0xa0, 0x0, 0x7d, 0x0, 0x1, 0xf2,
    0x0, 0xa, 0x80, 0x0, 0x2f, 0x10,

    /* U+0029 ")" */
    0x26, 0x0, 0xe, 0x30, 0x8, 0xb0, 0x3, 0xf1,
    0x0, 0xe6, 0x0, 0xba, 0x0, 0x9c, 0x0, 0x8e,
    0x0, 0x9d, 0x0, 0xac, 0x0, 0xd8, 0x1, 0xf4,
    0x6, 0xe0, 0xc, 0x70, 0x3e, 0x0,

    /* U+002A "*" */
    0x0, 0x0, 0x0, 0x0, 0x0, 0x0, 0xf, 0x10,
    0x0, 0x1, 0x0, 0xf1, 0x1, 0x15, 0xe6, 0xf,
    0x15, 0xe6, 0x3, 0xcb, 0xfb, 0xd4, 0x0, 0x0,
    0xbf, 0xc0, 0x0, 0x4, 0xda, 0xfa, 0xd4, 0x5,
    0xe5, 0xf, 0x14, 0xd6, 0x0, 0x0, 0xf1, 0x0,
    0x0, 0x0, 0xf, 0x10, 0x0,

    /* U+002B "+" */
    0x0, 0x0, 0x41, 0x0, 0x0, 0x0, 0xf, 0x40,
    0x0, 0x0, 0x0, 0xf4, 0x0, 0x0, 0x11, 0x1f,
    0x51, 0x10, 0x3f, 0xff, 0xff, 0xff, 0x80, 0x44,
    0x4f, 0x74, 0x42, 0x0, 0x0, 0xf4, 0x0, 0x0,
    0x0, 0xf, 0x40, 0x0, 0x0, 0x0, 0xf4, 0x0,
    0x0,

    /* U+002C "," */
    0x5, 0x73, 0xc, 0xf8, 0xc, 0xf7, 0xf, 0xf1,
    0x3f, 0x90, 0x7f, 0x20,

    /* U+002D "-" */
    0x1, 0x11, 0x11, 0x11, 0x4, 0xff, 0xff, 0xff,
    0xf8, 0x14, 0x44, 0x44, 0x44, 0x20,

    /* U+002E "." */
    0x2, 0x21, 0x2f, 0xf6, 0x2f, 0xf6, 0x2f, 0xf6,

    /* U+002F "/" */
    0x0, 0x0, 0x0, 0xba, 0x0, 0x0, 0x2, 0xf3,
    0x0, 0x0, 0x9, 0xc0, 0x0, 0x0, 0x1f, 0x50,
    0x0, 0x0, 0x7e, 0x0, 0x0, 0x0, 0xe7, 0x0,
    0x0, 0x5, 0xf1, 0x0, 0x0, 0xc, 0x90, 0x0,
    0x0, 0x4f, 0x20, 0x0, 0x0, 0xbb, 0x0, 0x0,
    0x2, 0xf3, 0x0, 0x0, 0x9, 0xc0, 0x0, 0x0,
    0x1f, 0x50, 0x0, 0x0,

    /* U+0030 "0" */
    0x0, 0x4d, 0xfd, 0x40, 0x0, 0x2f, 0xa4, 0xaf,
    0x20, 0x8, 0xe0, 0x2, 0xf9, 0x0, 0xda, 0x0,
    0xbf, 0xd0, 0xf, 0x80, 0x4e, 0x8f, 0x0, 0xf7,
    0xd, 0x57, 0xf0, 0xf, 0x77, 0xb0, 0x7f, 0x0,
    0xfa, 0xe2, 0x8, 0xf0, 0xd, 0xf8, 0x0, 0xad,
    0x0, 0x8f, 0x10, 0xe, 0x90, 0x2, 0xfb, 0x4a,
    0xf2, 0x0, 0x4, 0xdf, 0xd4, 0x0,

    /* U+0031 "1" */
    0x1, 0x9f, 0xc0, 0x0, 0x5f, 0xee, 0xc0, 0x0,
    0x68, 0xb, 0xc0, 0x0, 0x0, 0xb, 0xc0, 0x0,
    0x0, 0xb, 0xc0, 0x0, 0x0, 0xb, 0xc0, 0x0,
    0x0, 0xb, 0xc0, 0x0, 0x0, 0xb, 0xc0, 0x0,
    0x0, 0xb, 0xc0, 0x0, 0x0, 0xb, 0xc0, 0x0,
    0x5, 0x5c, 0xd5, 0x50, 0xf, 0xff, 0xff, 0xf0,

    /* U+0032 "2" */
    0x4b, 0xee, 0xb3, 0xc, 0xb6, 0x6c, 0xf2, 0x20,
    0x0, 0x1f, 0x80, 0x0, 0x0, 0xda, 0x0, 0x0,
    0x1f, 0x70, 0x0, 0x9, 0xe1, 0x0, 0x4, 0xf4,
    0x0, 0x3, 0xf7, 0x0, 0x1, 0xea, 0x0, 0x0,
    0xdb, 0x0, 0x0, 0xbf, 0x65, 0x55, 0x3e, 0xff,
    0xff, 0xfc,

    /* U+0033 "3" */
    0x6c, 0xef, 0xc3, 0x9, 0x96, 0x6b, 0xf2, 0x0,
    0x0, 0xe, 0x80, 0x0, 0x0, 0xe9, 0x0, 0x1,
    0x8f, 0x30, 0x1f, 0xff, 0x40, 0x0, 0x34, 0xae,
    0x30, 0x0, 0x0, 0xcb, 0x0, 0x0, 0x9, 0xd0,
    0x0, 0x0, 0xdc, 0xe9, 0x66, 0xcf, 0x59, 0xdf,
    0xfc, 0x40,

    /* U+0034 "4" */
    0x0, 0x0, 0x2f, 0xd0, 0x0, 0x0, 0xb, 0xed,
    0x0, 0x0, 0x4, 0xd9, 0xd0, 0x0, 0x0, 0xd5,
    0x9d, 0x0, 0x0, 0x6c, 0x9, 0xd0, 0x0, 0xe,
    0x30, 0x9d, 0x0, 0x8, 0xb0, 0x9, 0xd0, 0x1,
    0xf3, 0x0, 0xad, 0x0, 0x4f, 0xff, 0xff, 0xff,
    0x50, 0x33, 0x33, 0xbe, 0x31, 0x0, 0x0, 0x9,
    0xd0, 0x0, 0x0, 0x0, 0x9d, 0x0,

    /* U+0035 "5" */
    0x7f, 0xff, 0xff, 0x7, 0xe5, 0x55, 0x50, 0x7d,
    0x0, 0x0, 0x7, 0xd0, 0x0, 0x0, 0x7f, 0xff,
    0xd4, 0x5, 0x74, 0x6d, 0xf2, 0x0, 0x0, 0x1f,
    0x90, 0x0, 0x0, 0xbc, 0x0, 0x0, 0xb, 0xc0,
    0x0, 0x1, 0xf9, 0xd8, 0x67, 0xef, 0x29, 0xef,
    0xfb, 0x30,

    /* U+0036 "6" */
    0x0, 0x1a, 0xef, 0xc2, 0x0, 0xd, 0xd6, 0x59,
    0x30, 0x7, 0xf1, 0x0, 0x0, 0x0, 0xc9, 0x0,
    0x0, 0x0, 0xe, 0x7a, 0xfe, 0x80, 0x0, 0xfe,
    0xa4, 0x7f, 0x60, 0xf, 0xd0, 0x0, 0xad, 0x0,
    0xfa, 0x0, 0x7, 0xf0, 0xd, 0xa0, 0x0, 0x7f,
    0x0, 0x9e, 0x0, 0xa, 0xd0, 0x2, 0xfa, 0x48,
    0xf6, 0x0, 0x4, 0xcf, 0xe7, 0x0,

    /* U+0037 "7" */
    0xff, 0xff, 0xff, 0xe5, 0x55, 0x55, 0xe9, 0x0,
    0x0, 0x2f, 0x40, 0x0, 0x8, 0xe0, 0x0, 0x0,
    0xd9, 0x0, 0x0, 0x3f, 0x30, 0x0, 0x9, 0xe0,
    0x0, 0x0, 0xe8, 0x0, 0x0, 0x4f, 0x30, 0x0,
    0xa, 0xd0, 0x0, 0x0, 0xf8, 0x0, 0x0, 0x5f,
    0x20, 0x0,

    /* U+0038 "8" */
    0x0, 0x6d, 0xfd, 0x70, 0x0, 0x5f, 0x84, 0x8f,
    0x60, 0xb, 0xc0, 0x0, 0xcb, 0x0, 0xbb, 0x0,
    0xb, 0xb0, 0x5, 0xf5, 0x14, 0xf5, 0x0, 0x6,
    0xff, 0xf6, 0x0, 0x4, 0xf7, 0x47, 0xf5, 0x0,
    0xda, 0x0, 0x9, 0xe0, 0xf, 0x70, 0x0, 0x7f,
    0x0, 0xea, 0x0, 0xa, 0xe0, 0x8, 0xf8, 0x48,
    0xf8, 0x0, 0x7, 0xdf, 0xd7, 0x0,

    /* U+0039 "9" */
    0x0, 0x7e, 0xfc, 0x40, 0x0, 0x6f, 0x84, 0xbf,
    0x20, 0xd, 0xa0, 0x0, 0xe8, 0x0, 0xf7, 0x0,
    0xa, 0xc0, 0xf, 0x60, 0x0, 0xaf, 0x0, 0xe9,
    0x0, 0xd, 0xf0, 0x8, 0xf4, 0x17, 0xff, 0x0,
    0xb, 0xff, 0xd8, 0xe0, 0x0, 0x1, 0x20, 0x9b,
    0x0, 0x0, 0x0, 0x1f, 0x60, 0x3, 0x86, 0x7d,
    0xd0, 0x0, 0x2c, 0xfe, 0xa1, 0x0,

    /* U+003A ":" */
    0xdf, 0x6d, 0xf6, 0xbd, 0x50, 0x0, 0x0, 0x0,
    0x0, 0xbd, 0x5d, 0xf6, 0xdf, 0x60,

    /* U+003B ";" */
    0xd, 0xf6, 0xd, 0xf6, 0xb, 0xd5, 0x0, 0x0,
    0x0, 0x0, 0x0, 0x10, 0xc, 0xf8, 0xc, 0xf8,
    0xe, 0xf4, 0x2f, 0xc0, 0x5f, 0x50,

    /* U+003C "<" */
    0x0, 0x0, 0x0, 0x29, 0x50, 0x0, 0x5, 0xbf,
    0xd3, 0x1, 0x7e, 0xfa, 0x30, 0x4, 0xfd, 0x61,
    0x0, 0x0, 0x3e, 0xe7, 0x10, 0x0, 0x0, 0x6,
    0xdf, 0xb4, 0x0, 0x0, 0x0, 0x3a, 0xfe, 0x30,
    0x0, 0x0, 0x1, 0x85,

    /* U+003D "=" */
    0x1, 0x11, 0x11, 0x11, 0x5, 0xff, 0xff, 0xff,
    0xf6, 0x14, 0x44, 0x44, 0x44, 0x10, 0x0, 0x0,
    0x0, 0x0, 0x1, 0x11, 0x11, 0x11, 0x5, 0xff,
    0xff, 0xff, 0xf6, 0x14, 0x44, 0x44, 0x44, 0x10,

    /* U+003E ">" */
    0x59, 0x20, 0x0, 0x0, 0x3, 0xdf, 0xc5, 0x0,
    0x0, 0x0, 0x39, 0xfe, 0x71, 0x0, 0x0, 0x0,
    0x6d, 0xf4, 0x0, 0x0, 0x17, 0xdf, 0x40, 0x4,
    0xaf, 0xd6, 0x0, 0x3e, 0xfa, 0x40, 0x0, 0x4,
    0x81, 0x0, 0x0, 0x0,

    /* U+003F "?" */
    0x7, 0xdf, 0xd6, 0x3, 0xd7, 0x5a, 0xf4, 0x10,
    0x0, 0xe, 0x90, 0x0, 0x1, 0xf7, 0x0, 0x0,
    0xbe, 0x10, 0x0, 0xae, 0x20, 0x0, 0x2f, 0x40,
    0x0, 0x5, 0xf0, 0x0, 0x0, 0x5d, 0x0, 0x0,
    0x0, 0x0, 0x0, 0x0, 0x6f, 0x0, 0x0, 0x7,
    0xf0, 0x0,

    /* U+0040 "@" */
    0x0, 0x19, 0xde, 0xb2, 0x0, 0x2e, 0x93, 0x38,
    0xe0, 0xd, 0x70, 0x0, 0xb, 0x64, 0xd0, 0x8,
    0xec, 0x98, 0x98, 0x7, 0xd4, 0x5f, 0xab, 0x50,
    0xd5, 0x0, 0x9a, 0xc4, 0xf, 0x20, 0x6, 0xab,
    0x50, 0xd4, 0x0, 0x8a, 0x98, 0x7, 0xc1, 0x2e,
    0xa5, 0xe0, 0x9, 0xed, 0xa9, 0xd, 0x80, 0x0,
    0x0, 0x0, 0x3f, 0xa3, 0x0, 0x0, 0x0, 0x2b,
    0xff, 0xff, 0x30, 0x0, 0x0, 0x23, 0x20,

    /* U+0041 "A" */
    0x0, 0x8, 0xf8, 0x0, 0x0, 0x0, 0xcf, 0xd0,
    0x0, 0x0, 0x1f, 0xbf, 0x10, 0x0, 0x5, 0xf3,
    0xf6, 0x0, 0x0, 0xad, 0xd, 0xa0, 0x0, 0xe,
    0x90, 0x9e, 0x0, 0x3, 0xf5, 0x4, 0xf3, 0x0,
    0x7f, 0x10, 0x1f, 0x80, 0xc, 0xff, 0xff, 0xfc,
    0x0, 0xf9, 0x33, 0x39, 0xf1, 0x5f, 0x30, 0x0,
    0x3f, 0x59, 0xe0, 0x0, 0x0, 0xea,

    /* U+0042 "B" */
    0xcf, 0xff, 0xd7, 0x0, 0xcc, 0x45, 0x8f, 0x70,
    0xcb, 0x0, 0xa, 0xd0, 0xcb, 0x0, 0x9, 0xe0,
    0xcb, 0x1, 0x4f, 0x80, 0xcf, 0xff, 0xfa, 0x0,
    0xcc, 0x34, 0x6e, 0x90, 0xcb, 0x0, 0x5, 0xf2,
    0xcb, 0x0, 0x3, 0xf4, 0xcb, 0x0, 0x5, 0xf3,
    0xcc, 0x44, 0x7e, 0xd0, 0xcf, 0xff, 0xe9, 0x10,

    /* U+0043 "C" */
    0x0, 0x8e, 0xfd, 0x70, 0xbf, 0x75, 0x8c, 0x5f,
    0x40, 0x0, 0xa, 0xd0, 0x0, 0x0, 0xea, 0x0,
    0x0, 0xf, 0x90, 0x0, 0x0, 0xf9, 0x0, 0x0,
    0xe, 0xa0, 0x0, 0x0, 0xad, 0x0, 0x0, 0x5,
    0xf4, 0x0, 0x0, 0xb, 0xf7, 0x58, 0xc0, 0x8,
    0xef, 0xd7,

    /* U+0044 "D" */
    0xff, 0xfd, 0x81, 0x0, 0xfa, 0x57, 0xed, 0x0,
    0xf7, 0x0, 0x2f, 0x70, 0xf7, 0x0, 0xb, 0xd0,
    0xf7, 0x0, 0x8, 0xf0, 0xf7, 0x0, 0x7, 0xf1,
    0xf7, 0x0, 0x7, 0xf1, 0xf7, 0x0, 0x8, 0xf0,
    0xf7, 0x0, 0xb, 0xd0, 0xf7, 0x0, 0x2f, 0x70,
    0xfa, 0x57, 0xed, 0x0, 0xff, 0xfd, 0x81, 0x0,

    /* U+0045 "E" */
    0x9f, 0xff, 0xff, 0xf0, 0x9f, 0x55, 0x55, 0x40,
    0x9e, 0x0, 0x0, 0x0, 0x9e, 0x0, 0x0, 0x0,
    0x9e, 0x11, 0x11, 0x0, 0x9f, 0xff, 0xff, 0xb0,
    0x9f, 0x44, 0x44, 0x20, 0x9e, 0x0, 0x0, 0x0,
    0x9e, 0x0, 0x0, 0x0, 0x9e, 0x0, 0x0, 0x0,
    0x9f, 0x55, 0x55, 0x50, 0x9f, 0xff, 0xff, 0xf1,

    /* U+0046 "F" */
    0x4f, 0xff, 0xff, 0xf2, 0x4f, 0x75, 0x55, 0x50,
    0x4f, 0x30, 0x0, 0x0, 0x4f, 0x30, 0x0, 0x0,
    0x4f, 0x31, 0x11, 0x0, 0x4f, 0xff, 0xff, 0xb0,
    0x4f, 0x64, 0x44, 0x20, 0x4f, 0x30, 0x0, 0x0,
    0x4f, 0x30, 0x0, 0x0, 0x4f, 0x30, 0x0, 0x0,
    0x4f, 0x30, 0x0, 0x0, 0x4f, 0x30, 0x0, 0x0,

    /* U+0047 "G" */
    0x0, 0x1a, 0xef, 0xb3, 0x0, 0x1e, 0xd6, 0x59,
    0xb0, 0x9, 0xf1, 0x0, 0x2, 0x0, 0xe9, 0x0,
    0x0, 0x0, 0x2f, 0x60, 0x0, 0x0, 0x3, 0xf5,
    0x0, 0x0, 0x0, 0x3f, 0x50, 0xe, 0xff, 0x12,
    0xf6, 0x0, 0x37, 0xf1, 0xf, 0x90, 0x0, 0x5f,
    0x10, 0x9e, 0x10, 0x5, 0xf1, 0x1, 0xed, 0x65,
    0xbf, 0x10, 0x2, 0xae, 0xfc, 0x40,

    /* U+0048 "H" */
    0xf7, 0x0, 0x7, 0xf0, 0xf7, 0x0, 0x7, 0xf0,
    0xf7, 0x0, 0x7, 0xf0, 0xf7, 0x0, 0x7, 0xf0,
    0xf8, 0x11, 0x17, 0xf0, 0xff, 0xff, 0xff, 0xf0,
    0xf9, 0x44, 0x49, 0xf0, 0xf7, 0x0, 0x7, 0xf0,
    0xf7, 0x0, 0x7, 0xf0, 0xf7, 0x0, 0x7, 0xf0,
    0xf7, 0x0, 0x7, 0xf0, 0xf7, 0x0, 0x7, 0xf0,

    /* U+0049 "I" */
    0x8f, 0xff, 0xff, 0x82, 0x57, 0xf7, 0x52, 0x0,
    0x3f, 0x40, 0x0, 0x3, 0xf4, 0x0, 0x0, 0x3f,
    0x40, 0x0, 0x3, 0xf4, 0x0, 0x0, 0x3f, 0x40,
    0x0, 0x3, 0xf4, 0x0, 0x0, 0x3f, 0x40, 0x0,
    0x3, 0xf4, 0x0, 0x25, 0x7f, 0x75, 0x28, 0xff,
    0xff, 0xf8,

    /* U+004A "J" */
    0x0, 0x4f, 0xff, 0xf0, 0x1, 0x55, 0xaf, 0x0,
    0x0, 0x7, 0xf0, 0x0, 0x0, 0x7f, 0x0, 0x0,
    0x7, 0xf0, 0x0, 0x0, 0x7f, 0x0, 0x0, 0x7,
    0xf0, 0x0, 0x0, 0x7f, 0x0, 0x0, 0x8, 0xf1,
    0x10, 0x0, 0xbd, 0x3e, 0x85, 0x8f, 0x81, 0x8d,
    0xfe, 0x90,

    /* U+004B "K" */
    0xf7, 0x0, 0x5, 0xf6, 0xf7, 0x0, 0x3f, 0x80,
    0xf7, 0x2, 0xea, 0x0, 0xf7, 0x1d, 0xc0, 0x0,
    0xf8, 0xcd, 0x10, 0x0, 0xff, 0xfe, 0x0, 0x0,
    0xff, 0x5f, 0x90, 0x0, 0xf8, 0x7, 0xf3, 0x0,
    0xf7, 0x0, 0xdc, 0x0, 0xf7, 0x0, 0x4f, 0x60,
    0xf7, 0x0, 0xb, 0xf1, 0xf7, 0x0, 0x2, 0xfa,

    /* U+004C "L" */
    0x6f, 0x10, 0x0, 0x0, 0x6f, 0x10, 0x0, 0x0,
    0x6f, 0x10, 0x0, 0x0, 0x6f, 0x10, 0x0, 0x0,
    0x6f, 0x10, 0x0, 0x0, 0x6f, 0x10, 0x0, 0x0,
    0x6f, 0x10, 0x0, 0x0, 0x6f, 0x10, 0x0, 0x0,
    0x6f, 0x10, 0x0, 0x0, 0x6f, 0x10, 0x0, 0x0,
    0x6f, 0x55, 0x55, 0x51, 0x6f, 0xff, 0xff, 0xf5,

    /* U+004D "M" */
    0xbf, 0x60, 0x2, 0xff, 0xb, 0xfb, 0x0, 0x7f,
    0xf0, 0xba, 0xf0, 0xc, 0xaf, 0xb, 0xab, 0x51,
    0xf6, 0xf0, 0xba, 0x69, 0x5b, 0x5f, 0xb, 0xa1,
    0xeb, 0x65, 0xf0, 0xba, 0xc, 0xf1, 0x5f, 0xb,
    0xa0, 0x69, 0x5, 0xf0, 0xba, 0x0, 0x0, 0x5f,
    0xb, 0xa0, 0x0, 0x5, 0xf0, 0xba, 0x0, 0x0,
    0x5f, 0xb, 0xa0, 0x0, 0x5, 0xf0,

    /* U+004E "N" */
    0xdf, 0x50, 0x0, 0x9f, 0xd, 0xfc, 0x0, 0x9,
    0xf0, 0xdd, 0xf3, 0x0, 0x9f, 0xd, 0xbb, 0xa0,
    0x9, 0xf0, 0xdb, 0x4f, 0x10, 0x9f, 0xd, 0xb0,
    0xd8, 0x9, 0xf0, 0xdb, 0x6, 0xe0, 0x9f, 0xd,
    0xb0, 0xe, 0x69, 0xf0, 0xdb, 0x0, 0x8d, 0x9f,
    0xd, 0xb0, 0x1, 0xfd, 0xf0, 0xdb, 0x0, 0xa,
    0xff, 0xd, 0xb0, 0x0, 0x3f, 0xf0,

    /* U+004F "O" */
    0x0, 0x5d, 0xfd, 0x50, 0x0, 0x3f, 0xa5, 0xaf,
    0x30, 0xa, 0xd0, 0x0, 0xdb, 0x0, 0xe9, 0x0,
    0x9, 0xf0, 0x1f, 0x70, 0x0, 0x7f, 0x11, 0xf6,
    0x0, 0x6, 0xf2, 0x2f, 0x60, 0x0, 0x6f, 0x21,
    0xf7, 0x0, 0x7, 0xf1, 0xe, 0x90, 0x0, 0x9f,
    0x0, 0xad, 0x0, 0xd, 0xb0, 0x3, 0xfa, 0x5a,
    0xf3, 0x0, 0x5, 0xdf, 0xd5, 0x0,

    /* U+0050 "P" */
    0x9f, 0xff, 0xe9, 0x10, 0x9f, 0x44, 0x7f, 0xc0,
    0x9e, 0x0, 0x7, 0xf2, 0x9e, 0x0, 0x3, 0xf5,
    0x9e, 0x0, 0x5, 0xf3, 0x9e, 0x0, 0x3d, 0xe0,
    0x9f, 0xff, 0xfd, 0x30, 0x9f, 0x33, 0x10, 0x0,
    0x9e, 0x0, 0x0, 0x0, 0x9e, 0x0, 0x0, 0x0,
    0x9e, 0x0, 0x0, 0x0, 0x9e, 0x0, 0x0, 0x0,

    /* U+0051 "Q" */
    0x0, 0x5d, 0xfd, 0x50, 0x0, 0x3f, 0xa5, 0xaf,
    0x30, 0xa, 0xd0, 0x0, 0xdb, 0x0, 0xe9, 0x0,
    0x9, 0xf0, 0x1f, 0x70, 0x0, 0x7f, 0x11, 0xf6,
    0x0, 0x6, 0xf2, 0x2f, 0x60, 0x0, 0x6f, 0x21,
    0xf7, 0x0, 0x7, 0xf1, 0xe, 0x90, 0x0, 0x8f,
    0x0, 0xad, 0x0, 0xd, 0xb0, 0x3, 0xfa, 0x4a,
    0xf3, 0x0, 0x5, 0xdf, 0xf7, 0x0, 0x0, 0x0,
    0xb, 0xe2, 0x0, 0x0, 0x0, 0xa, 0x30,

    /* U+0052 "R" */
    0xff, 0xff, 0xc4, 0x0, 0xf, 0xa4, 0x5c, 0xf4,
    0x0, 0xf8, 0x0, 0xf, 0xa0, 0xf, 0x80, 0x0,
    0xcc, 0x0, 0xf8, 0x0, 0xe, 0xa0, 0xf, 0x80,
    0x17, 0xe2, 0x0, 0xff, 0xff, 0xe3, 0x0, 0xf,
    0xa3, 0x5e, 0xd0, 0x0, 0xf8, 0x0, 0x3f, 0x60,
    0xf, 0x80, 0x0, 0xbe, 0x0, 0xf8, 0x0, 0x3,
    0xf5, 0xf, 0x80, 0x0, 0xc, 0xc0,

    /* U+0053 "S" */
    0x5, 0xdf, 0xea, 0x20, 0x6f, 0x85, 0x6b, 0x60,
    0xd9, 0x0, 0x0, 0x0, 0xf7, 0x0, 0x0, 0x0,
    0xce, 0x40, 0x0, 0x0, 0x3e, 0xfe, 0xa3, 0x0,
    0x0, 0x5a, 0xef, 0x50, 0x0, 0x0, 0xc, 0xd0,
    0x0, 0x0, 0x6, 0xf0, 0x20, 0x0, 0x9, 0xe0,
    0xda, 0x65, 0x9f, 0x80, 0x5b, 0xef, 0xd7, 0x0,

    /* U+0054 "T" */
    0xaf, 0xff, 0xff, 0xff, 0xb3, 0x55, 0x7f, 0x85,
    0x53, 0x0, 0x3, 0xf4, 0x0, 0x0, 0x0, 0x3f,
    0x40, 0x0, 0x0, 0x3, 0xf4, 0x0, 0x0, 0x0,
    0x3f, 0x40, 0x0, 0x0, 0x3, 0xf4, 0x0, 0x0,
    0x0, 0x3f, 0x40, 0x0, 0x0, 0x3, 0xf4, 0x0,
    0x0, 0x0, 0x3f, 0x40, 0x0, 0x0, 0x3, 0xf4,
    0x0, 0x0, 0x0, 0x3f, 0x40, 0x0,

    /* U+0055 "U" */
    0xe9, 0x0, 0x8, 0xfe, 0x90, 0x0, 0x8f, 0xe9,
    0x0, 0x8, 0xfe, 0x90, 0x0, 0x8f, 0xe9, 0x0,
    0x8, 0xfe, 0x90, 0x0, 0x8f, 0xe9, 0x0, 0x8,
    0xfe, 0x90, 0x0, 0x8f, 0xe9, 0x0, 0x8, 0xec,
    0xb0, 0x0, 0xac, 0x6f, 0x95, 0x9f, 0x60, 0x6d,
    0xfd, 0x60,

    /* U+0056 "V" */
    0x7f, 0x10, 0x0, 0xf, 0x72, 0xf5, 0x0, 0x4,
    0xf3, 0xe, 0x90, 0x0, 0x8e, 0x0, 0xad, 0x0,
    0xc, 0xa0, 0x6, 0xf1, 0x0, 0xf6, 0x0, 0x1f,
    0x40, 0x4f, 0x20, 0x0, 0xd8, 0x8, 0xd0, 0x0,
    0x9, 0xc0, 0xc9, 0x0, 0x0, 0x5f, 0x1f, 0x50,
    0x0, 0x0, 0xf9, 0xf1, 0x0, 0x0, 0xc, 0xfc,
    0x0, 0x0, 0x0, 0x8f, 0x80, 0x0,

    /* U+0057 "W" */
    0xe7, 0x0, 0x0, 0x7, 0xf0, 0xc9, 0x0, 0x0,
    0x9, 0xd0, 0xab, 0x0, 0x0, 0xa, 0xa0, 0x8d,
    0x5, 0xf5, 0xc, 0x80, 0x6e, 0x8, 0xf9, 0xe,
    0x60, 0x4f, 0xb, 0xac, 0xf, 0x40, 0x1f, 0x2e,
    0x3f, 0x1f, 0x20, 0xf, 0x5e, 0xe, 0x5f, 0x0,
    0xd, 0xab, 0xb, 0xad, 0x0, 0xb, 0xe8, 0x8,
    0xeb, 0x0, 0x9, 0xf5, 0x4, 0xf9, 0x0, 0x6,
    0xf2, 0x1, 0xf7, 0x0,

    /* U+0058 "X" */
    0x2f, 0x70, 0x0, 0x3f, 0x50, 0x8f, 0x10, 0xb,
    0xc0, 0x0, 0xe8, 0x4, 0xf3, 0x0, 0x6, 0xf1,
    0xda, 0x0, 0x0, 0xd, 0xdf, 0x10, 0x0, 0x0,
    0x5f, 0x80, 0x0, 0x0, 0xb, 0xfd, 0x0, 0x0,
    0x4, 0xf5, 0xf6, 0x0, 0x0, 0xdb, 0x8, 0xe0,
    0x0, 0x6f, 0x20, 0xe, 0x80, 0x1e, 0x90, 0x0,
    0x7f, 0x19, 0xe1, 0x0, 0x0, 0xe9,

    /* U+0059 "Y" */
    0x7f, 0x10, 0x0, 0x1f, 0x70, 0xe9, 0x0, 0x9,
    0xe0, 0x6, 0xf2, 0x1, 0xf6, 0x0, 0xd, 0x90,
    0x9e, 0x0, 0x0, 0x5f, 0x3f, 0x50, 0x0, 0x0,
    0xdf, 0xd0, 0x0, 0x0, 0x5, 0xf5, 0x0, 0x0,
    0x0, 0x3f, 0x40, 0x0, 0x0, 0x3, 0xf4, 0x0,
    0x0, 0x0, 0x3f, 0x40, 0x0, 0x0, 0x3, 0xf4,
    0x0, 0x0, 0x0, 0x3f, 0x40, 0x0,

    /* U+005A "Z" */
    0xbf, 0xff, 0xff, 0xf6, 0x35, 0x55, 0x5a, 0xf3,
    0x0, 0x0, 0x1e, 0x90, 0x0, 0x0, 0x9e, 0x10,
    0x0, 0x2, 0xf6, 0x0, 0x0, 0xb, 0xc0, 0x0,
    0x0, 0x5f, 0x30, 0x0, 0x0, 0xe9, 0x0, 0x0,
    0x8, 0xe1, 0x0, 0x0, 0x2f, 0x60, 0x0, 0x0,
    0xae, 0x55, 0x55, 0x52, 0xdf, 0xff, 0xff, 0xf9,

    /* U+005B "[" */
    0xdf, 0xf3, 0xe8, 0x20, 0xe7, 0x0, 0xe7, 0x0,
    0xe7, 0x0, 0xe7, 0x0, 0xe7, 0x0, 0xe7, 0x0,
    0xe7, 0x0, 0xe7, 0x0, 0xe7, 0x0, 0xe7, 0x0,
    0xe7, 0x0, 0xef, 0xf3, 0x12, 0x20,

    /* U+005C "\\" */
    0x1f, 0x50, 0x0, 0x0, 0x9, 0xc0, 0x0, 0x0,
    0x2, 0xf3, 0x0, 0x0, 0x0, 0xbb, 0x0, 0x0,
    0x0, 0x4f, 0x20, 0x0, 0x0, 0xc, 0x90, 0x0,
    0x0, 0x5, 0xf1, 0x0, 0x0, 0x0, 0xe7, 0x0,
    0x0, 0x0, 0x7e, 0x0, 0x0, 0x0, 0x1f, 0x50,
    0x0, 0x0, 0x9, 0xc0, 0x0, 0x0, 0x2, 0xf3,
    0x0, 0x0, 0x0, 0xba,

    /* U+005D "]" */
    0xcf, 0xf4, 0x23, 0xf4, 0x1, 0xf4, 0x1, 0xf4,
    0x1, 0xf4, 0x1, 0xf4, 0x1, 0xf4, 0x1, 0xf4,
    0x1, 0xf4, 0x1, 0xf4, 0x1, 0xf4, 0x1, 0xf4,
    0x1, 0xf4, 0xcf, 0xf4, 0x12, 0x20,

    /* U+005E "^" */
    0x0, 0x2, 0x82, 0x0, 0x0, 0x1, 0xdf, 0xe1,
    0x0, 0x0, 0xbe, 0x4e, 0xb0, 0x0, 0x8f, 0x30,
    0x3f, 0x80, 0x5f, 0x40, 0x0, 0x4f, 0x50,

    /* U+005F "_" */
    0x11, 0x11, 0x11, 0x11, 0x1f, 0xff, 0xff, 0xff,
    0xff, 0x44, 0x44, 0x44, 0x44, 0x40,

    /* U+0060 "`" */
    0x8d, 0x0, 0xc, 0x80, 0x1, 0xd3,

    /* U+0061 "a" */
    0x2, 0xae, 0xfd, 0x60, 0x5, 0x95, 0x47, 0xf4,
    0x0, 0x0, 0x0, 0xaa, 0x0, 0x7d, 0xff, 0xfb,
    0x9, 0xe6, 0x22, 0xac, 0xe, 0x70, 0x0, 0xbc,
    0xf, 0x60, 0x0, 0xfc, 0xb, 0xc1, 0x1a, 0xfc,
    0x1, 0xbf, 0xe8, 0x9c,

    /* U+0062 "b" */
    0x9c, 0x0, 0x0, 0x0, 0x9c, 0x0, 0x0, 0x0,
    0x9c, 0x0, 0x0, 0x0, 0x9c, 0x7e, 0xe8, 0x0,
    0x9f, 0xc4, 0x7f, 0x60, 0x9f, 0x10, 0x9, 0xd0,
    0x9d, 0x0, 0x5, 0xf0, 0x9c, 0x0, 0x4, 0xf1,
    0x9d, 0x0, 0x5, 0xf0, 0x9f, 0x10, 0x9, 0xd0,
    0x9f, 0xc4, 0x7f, 0x60, 0x9c, 0x7e, 0xe8, 0x0,

    /* U+0063 "c" */
    0x0, 0x8e, 0xfd, 0x50, 0xbf, 0x74, 0x7a, 0x3f,
    0x50, 0x0, 0x7, 0xf0, 0x0, 0x0, 0x9d, 0x0,
    0x0, 0x7, 0xf0, 0x0, 0x0, 0x3f, 0x50, 0x0,
    0x0, 0xbf, 0x74, 0x6a, 0x0, 0x8e, 0xfd, 0x60,

    /* U+0064 "d" */
    0x0, 0x0, 0x0, 0xba, 0x0, 0x0, 0x0, 0xba,
    0x0, 0x0, 0x0, 0xba, 0x0, 0x8e, 0xf8, 0xba,
    0x6, 0xf8, 0x4c, 0xfa, 0xc, 0xa0, 0x1, 0xfa,
    0xf, 0x60, 0x0, 0xda, 0x1f, 0x50, 0x0, 0xba,
    0xf, 0x60, 0x0, 0xca, 0xc, 0x90, 0x0, 0xfa,
    0x5, 0xf4, 0x19, 0xfa, 0x0, 0x7e, 0xf9, 0xba,

    /* U+0065 "e" */
    0x0, 0x4c, 0xfe, 0x80, 0x0, 0x3f, 0x94, 0x6e,
    0x80, 0xc, 0x90, 0x0, 0x5f, 0x0, 0xff, 0xff,
    0xff, 0xf2, 0x1f, 0x72, 0x22, 0x22, 0x0, 0xf7,
    0x0, 0x0, 0x0, 0xc, 0xc0, 0x0, 0x0, 0x0,
    0x3f, 0xb5, 0x59, 0xc0, 0x0, 0x4c, 0xff, 0xc6,
    0x0,

    /* U+0066 "f" */
    0x0, 0x8, 0xef, 0xc0, 0x3, 0xf6, 0x32, 0x0,
    0x5f, 0x0, 0x9, 0xff, 0xff, 0xfc, 0x12, 0x7f,
    0x22, 0x10, 0x6, 0xf0, 0x0, 0x0, 0x6f, 0x0,
    0x0, 0x6, 0xf0, 0x0, 0x0, 0x6f, 0x0, 0x0,
    0x6, 0xf0, 0x0, 0x0, 0x6f, 0x0, 0x0, 0x6,
    0xf0, 0x0,

    /* U+0067 "g" */
    0x0, 0x7e, 0xf8, 0xba, 0x5, 0xf8, 0x4c, 0xfa,
    0xc, 0xa0, 0x1, 0xfa, 0xf, 0x60, 0x0, 0xca,
    0x1f, 0x50, 0x0, 0xba, 0xf, 0x60, 0x0, 0xca,
    0xc, 0xa0, 0x1, 0xfa, 0x5, 0xf7, 0x4b, 0xfa,
    0x0, 0x7e, 0xf8, 0xb9, 0x0, 0x0, 0x0, 0xd6,
    0x2, 0x83, 0x39, 0xf1, 0x1, 0xbe, 0xfc, 0x30,

    /* U+0068 "h" */
    0x9c, 0x0, 0x0, 0x9, 0xc0, 0x0, 0x0, 0x9c,
    0x0, 0x0, 0x9, 0xc5, 0xee, 0x90, 0x9e, 0xc5,
    0x8f, 0x59, 0xf1, 0x0, 0xc9, 0x9d, 0x0, 0xa,
    0xa9, 0xc0, 0x0, 0xab, 0x9c, 0x0, 0xa, 0xb9,
    0xc0, 0x0, 0xab, 0x9c, 0x0, 0xa, 0xb9, 0xc0,
    0x0, 0xab,

    /* U+0069 "i" */
    0x0, 0x9, 0xc0, 0x0, 0x0, 0x7, 0x90, 0x0,
    0x0, 0x0, 0x0, 0x0, 0xb, 0xff, 0xc0, 0x0,
    0x1, 0x2a, 0xc0, 0x0, 0x0, 0x9, 0xc0, 0x0,
    0x0, 0x9, 0xc0, 0x0, 0x0, 0x9, 0xc0, 0x0,
    0x0, 0x9, 0xc0, 0x0, 0x0, 0x9, 0xc0, 0x0,
    0x2, 0x2a, 0xc2, 0x20, 0x4f, 0xff, 0xff, 0xf7,

    /* U+006A "j" */
    0x0, 0x9, 0xc0, 0x0, 0x89, 0x0, 0x0, 0x0,
    0xef, 0xfc, 0x1, 0x2a, 0xc0, 0x0, 0x9c, 0x0,
    0x9, 0xc0, 0x0, 0x9c, 0x0, 0x9, 0xc0, 0x0,
    0x9c, 0x0, 0x9, 0xc0, 0x0, 0x9b, 0x0, 0xb,
    0xa2, 0x35, 0xf6, 0xaf, 0xf9, 0x0,

    /* U+006B "k" */
    0x4f, 0x20, 0x0, 0x0, 0x4f, 0x20, 0x0, 0x0,
    0x4f, 0x20, 0x0, 0x0, 0x4f, 0x20, 0xc, 0xc0,
    0x4f, 0x20, 0xbc, 0x0, 0x4f, 0x2b, 0xd1, 0x0,
    0x4f, 0xbf, 0x40, 0x0, 0x4f, 0xdc, 0xc0, 0x0,
    0x4f, 0x32, 0xf7, 0x0, 0x4f, 0x20, 0x7f, 0x20,
    0x4f, 0x20, 0xc, 0xc0, 0x4f, 0x20, 0x3, 0xf7,

    /* U+006C "l" */
    0x3f, 0xff, 0x40, 0x0, 0x2, 0x3f, 0x40, 0x0,
    0x0, 0x1f, 0x40, 0x0, 0x0, 0x1f, 0x40, 0x0,
    0x0, 0x1f, 0x40, 0x0, 0x0, 0x1f, 0x40, 0x0,
    0x0, 0x1f, 0x40, 0x0, 0x0, 0x1f, 0x40, 0x0,
    0x0, 0x1f, 0x40, 0x0, 0x0, 0xf, 0x50, 0x0,
    0x0, 0xc, 0xc4, 0x30, 0x0, 0x2, 0xcf, 0xf2,

    /* U+006D "m" */
    0x3f, 0x8f, 0x89, 0xf9, 0x3, 0xf7, 0x8f, 0x96,
    0xf1, 0x3f, 0x11, 0xf3, 0xf, 0x43, 0xf0, 0x1f,
    0x20, 0xe4, 0x3f, 0x1, 0xf2, 0xe, 0x53, 0xf0,
    0x1f, 0x20, 0xe5, 0x3f, 0x1, 0xf2, 0xe, 0x53,
    0xf0, 0x1f, 0x20, 0xe5, 0x3f, 0x1, 0xf2, 0xe,
    0x50,

    /* U+006E "n" */
    0x9c, 0x7e, 0xe9, 0x9, 0xf9, 0x14, 0xf5, 0x9f,
    0x0, 0xc, 0x99, 0xd0, 0x0, 0xaa, 0x9c, 0x0,
    0xa, 0xb9, 0xc0, 0x0, 0xab, 0x9c, 0x0, 0xa,
    0xb9, 0xc0, 0x0, 0xab, 0x9c, 0x0, 0xa, 0xb0,

    /* U+006F "o" */
    0x5, 0xdf, 0xd6, 0x0, 0x4f, 0x94, 0x9f, 0x50,
    0xbc, 0x0, 0xc, 0xc0, 0xe8, 0x0, 0x8, 0xf0,
    0xf7, 0x0, 0x6, 0xf0, 0xe8, 0x0, 0x8, 0xf0,
    0xbc, 0x0, 0xc, 0xc0, 0x4f, 0x94, 0x9f, 0x50,
    0x6, 0xdf, 0xd6, 0x0,

    /* U+0070 "p" */
    0x9c, 0x9f, 0xe8, 0x0, 0x9f, 0x91, 0x4f, 0x60,
    0x9f, 0x0, 0x9, 0xd0, 0x9d, 0x0, 0x6, 0xf0,
    0x9c, 0x0, 0x5, 0xf1, 0x9d, 0x0, 0x6, 0xf0,
    0x9f, 0x10, 0xa, 0xd0, 0x9f, 0xc4, 0x7f, 0x60,
    0x9c, 0x8f, 0xe8, 0x0, 0x9c, 0x0, 0x0, 0x0,
    0x9c, 0x0, 0x0, 0x0, 0x9c, 0x0, 0x0, 0x0,

    /* U+0071 "q" */
    0x6, 0xef, 0x9a, 0xb4, 0xf9, 0x4b, 0xfb, 0xbc,
    0x0, 0xe, 0xbe, 0x80, 0x0, 0xbb, 0xf7, 0x0,
    0xa, 0xbe, 0x80, 0x0, 0xbb, 0xbc, 0x0, 0xe,
    0xb4, 0xf8, 0x4b, 0xfb, 0x6, 0xef, 0x9a, 0xb0,
    0x0, 0x0, 0xab, 0x0, 0x0, 0xa, 0xb0, 0x0,
    0x0, 0xab,

    /* U+0072 "r" */
    0x5f, 0x2b, 0xfe, 0x55, 0xfc, 0x62, 0x55, 0x5f,
    0x60, 0x0, 0x5, 0xf1, 0x0, 0x0, 0x5f, 0x0,
    0x0, 0x5, 0xf0, 0x0, 0x0, 0x5f, 0x0, 0x0,
    0x5, 0xf0, 0x0, 0x0, 0x5f, 0x0, 0x0, 0x0,

    /* U+0073 "s" */
    0x5, 0xdf, 0xea, 0x12, 0xf8, 0x45, 0xa1, 0x5f,
    0x0, 0x0, 0x3, 0xf9, 0x40, 0x0, 0x5, 0xcf,
    0xf9, 0x0, 0x0, 0x6, 0xf6, 0x0, 0x0, 0xd,
    0x76, 0x95, 0x48, 0xf3, 0x3b, 0xef, 0xd5, 0x0,

    /* U+0074 "t" */
    0x0, 0x6, 0x40, 0x0, 0x0, 0xd, 0x80, 0x0,
    0x0, 0xd, 0x80, 0x0, 0xf, 0xff, 0xff, 0xf9,
    0x2, 0x2d, 0x92, 0x21, 0x0, 0xd, 0x80, 0x0,
    0x0, 0xd, 0x80, 0x0, 0x0, 0xd, 0x80, 0x0,
    0x0, 0xd, 0x80, 0x0, 0x0, 0xc, 0x80, 0x0,
    0x0, 0x9, 0xd4, 0x21, 0x0, 0x2, 0xbf, 0xf9,

    /* U+0075 "u" */
    0x9c, 0x0, 0xa, 0xb9, 0xc0, 0x0, 0xab, 0x9c,
    0x0, 0xa, 0xb9, 0xc0, 0x0, 0xab, 0x9c, 0x0,
    0xa, 0xb9, 0xc0, 0x0, 0xbb, 0x7e, 0x0, 0xd,
    0xb3, 0xf5, 0x18, 0xfb, 0x8, 0xee, 0x8a, 0xb0,

    /* U+0076 "v" */
    0x1f, 0x40, 0x0, 0x4f, 0x20, 0xc9, 0x0, 0x9,
    0xc0, 0x7, 0xe0, 0x0, 0xe7, 0x0, 0x2f, 0x30,
    0x3f, 0x20, 0x0, 0xd8, 0x8, 0xd0, 0x0, 0x7,
    0xd0, 0xd8, 0x0, 0x0, 0x2f, 0x5f, 0x30, 0x0,
    0x0, 0xde, 0xd0, 0x0, 0x0, 0x8, 0xf8, 0x0,
    0x0,

    /* U+0077 "w" */
    0xe6, 0x0, 0x0, 0x6, 0xe0, 0xa9, 0x0, 0x0,
    0x9, 0xb0, 0x7d, 0x0, 0x60, 0xc, 0x70, 0x4f,
    0x4, 0xf4, 0xf, 0x40, 0xf, 0x38, 0xc8, 0x3f,
    0x10, 0xd, 0x6c, 0x3c, 0x6d, 0x0, 0x9, 0xad,
    0xd, 0xaa, 0x0, 0x6, 0xf9, 0x9, 0xf6, 0x0,
    0x2, 0xf5, 0x4, 0xf3, 0x0,

    /* U+0078 "x" */
    0xc, 0xa0, 0x0, 0xad, 0x0, 0x2f, 0x50, 0x5f,
    0x30, 0x0, 0x7e, 0x2e, 0x70, 0x0, 0x0, 0xcf,
    0xc0, 0x0, 0x0, 0x6, 0xf7, 0x0, 0x0, 0x1,
    0xec, 0xf1, 0x0, 0x0, 0xbc, 0xb, 0xb0, 0x0,
    0x6f, 0x20, 0x2f, 0x70, 0x2f, 0x70, 0x0, 0x6f,
    0x20,

    /* U+0079 "y" */
    0x1f, 0x50, 0x0, 0x2f, 0x40, 0xab, 0x0, 0x8,
    0xe0, 0x4, 0xf1, 0x0, 0xd8, 0x0, 0xe, 0x70,
    0x3f, 0x20, 0x0, 0x9c, 0x9, 0xc0, 0x0, 0x3,
    0xf2, 0xe6, 0x0, 0x0, 0xd, 0xcf, 0x10, 0x0,
    0x0, 0x7f, 0xb0, 0x0, 0x0, 0x2, 0xf5, 0x0,
    0x0, 0x0, 0x6f, 0x0, 0x0, 0x2, 0x4e, 0x90,
    0x0, 0x0, 0xaf, 0xb0, 0x0, 0x0,

    /* U+007A "z" */
    0x5f, 0xff, 0xff, 0xa0, 0x22, 0x24, 0xf7, 0x0,
    0x0, 0xcc, 0x0, 0x0, 0x7e, 0x10, 0x0, 0x3f,
    0x50, 0x0, 0x1e, 0x90, 0x0, 0xa, 0xd0, 0x0,
    0x5, 0xf5, 0x22, 0x21, 0x8f, 0xff, 0xff, 0xa0,

    /* U+007B "{" */
    0x0, 0x3, 0xce, 0x80, 0x0, 0xcc, 0x31, 0x0,
    0xf, 0x60, 0x0, 0x0, 0xf6, 0x0, 0x0, 0xf,
    0x60, 0x0, 0x0, 0xf5, 0x0, 0x0, 0x7f, 0x10,
    0xa, 0xfb, 0x20, 0x0, 0x13, 0xbd, 0x0, 0x0,
    0x2, 0xf4, 0x0, 0x0, 0xf, 0x60, 0x0, 0x0,
    0xf6, 0x0, 0x0, 0xf, 0x60, 0x0, 0x0, 0xda,
    0x0, 0x0, 0x5, 0xff, 0x80, 0x0, 0x0, 0x21,

    /* U+007C "|" */
    0xd7, 0xd7, 0xd7, 0xd7, 0xd7, 0xd7, 0xd7, 0xd7,
    0xd7, 0xd7, 0xd7, 0xd7, 0xd7, 0xd7, 0xd7, 0xd7,

    /* U+007D "}" */
    0x6f, 0xd5, 0x0, 0x0, 0x3a, 0xf0, 0x0, 0x0,
    0x4f, 0x10, 0x0, 0x3, 0xf2, 0x0, 0x0, 0x3f,
    0x20, 0x0, 0x2, 0xf3, 0x0, 0x0, 0xe, 0xa0,
    0x0, 0x0, 0x1a, 0xfd, 0x0, 0xb, 0xd3, 0x10,
    0x2, 0xf4, 0x0, 0x0, 0x3f, 0x20, 0x0, 0x3,
    0xf2, 0x0, 0x0, 0x4f, 0x10, 0x0, 0x8, 0xf0,
    0x0, 0x6f, 0xf7, 0x0, 0x0, 0x20, 0x0, 0x0,

    /* U+007E "~" */
    0x0, 0x0, 0x0, 0x0, 0x0, 0xaf, 0xd1, 0x0,
    0x0, 0x6e, 0x5c, 0xc0, 0x4, 0x8b, 0x50, 0x1e,
    0xa2, 0xc8, 0x0, 0x0, 0x3e, 0xfc, 0x0, 0x0,
    0x0, 0x13, 0x0,

    /* U+00A0 " " */

    /* U+00A1 "¡" */
    0x3f, 0x43, 0xf4, 0x0, 0x0, 0x0, 0x1f, 0x22,
    0xf3, 0x3f, 0x33, 0xf4, 0x3f, 0x43, 0xf4, 0x3f,
    0x43, 0xf4,

    /* U+00A2 "¢" */
    0x0, 0x0, 0x70, 0x0, 0x0, 0xe, 0x0, 0x0,
    0x2, 0xe2, 0x0, 0x1b, 0xff, 0xfa, 0xb, 0xd2,
    0xe0, 0x42, 0xf4, 0xe, 0x0, 0x5f, 0x0, 0xe0,
    0x6, 0xf0, 0xe, 0x0, 0x4f, 0x20, 0xe0, 0x0,
    0xe8, 0xe, 0x0, 0x5, 0xfa, 0xe8, 0xa0, 0x3,
    0xaf, 0xa4, 0x0, 0x0, 0xe0, 0x0, 0x0, 0xe,
    0x0,

    /* U+00A3 "£" */
    0x0, 0x1a, 0xfe, 0xb0, 0x0, 0xbe, 0x54, 0xa0,
    0x1, 0xf7, 0x0, 0x0, 0x3, 0xf4, 0x0, 0x0,
    0x3, 0xf3, 0x0, 0x0, 0x4, 0xf3, 0x0, 0x0,
    0xaf, 0xff, 0xfe, 0x0, 0x15, 0xf5, 0x22, 0x0,
    0x4, 0xf3, 0x0, 0x0, 0x4, 0xf3, 0x0, 0x0,
    0x57, 0xf7, 0x55, 0x50, 0xff, 0xff, 0xff, 0xf2,

    /* U+00A4 "¤" */
    0x27, 0x0, 0x1, 0x80, 0x1d, 0xbe, 0xdd, 0x70,
    0x7, 0xa0, 0x3e, 0x0, 0xa, 0x40, 0xb, 0x30,
    0x7, 0xa1, 0x3e, 0x0, 0x1d, 0xbe, 0xdd, 0x80,
    0x26, 0x0, 0x1, 0x80,

    /* U+00A5 "¥" */
    0x8f, 0x10, 0x0, 0x1f, 0x81, 0xf8, 0x0, 0x8,
    0xf1, 0x9, 0xe0, 0x0, 0xe9, 0x0, 0x1f, 0x70,
    0x6f, 0x10, 0x0, 0xae, 0xd, 0x90, 0x2, 0xee,
    0xfa, 0xfe, 0xe2, 0x0, 0x7, 0xf7, 0x0, 0x2,
    0xee, 0xef, 0xee, 0xe2, 0x0, 0x3, 0xf4, 0x0,
    0x0, 0x0, 0x3f, 0x40, 0x0, 0x0, 0x3, 0xf4,
    0x0, 0x0, 0x0, 0x3f, 0x40, 0x0,

    /* U+00A6 "¦" */
    0x2f, 0x22, 0xf2, 0x2f, 0x22, 0xf2, 0x2f, 0x21,
    0xf2, 0x0, 0x0, 0x0, 0x1f, 0x22, 0xf2, 0x2f,
    0x22, 0xf2, 0x2f, 0x22, 0xf2,

    /* U+00A7 "§" */
    0x3, 0xcf, 0xe9, 0x0, 0xea, 0x24, 0x70, 0xf,
    0x60, 0x0, 0x0, 0x9f, 0x50, 0x0, 0xc, 0x9e,
    0xb1, 0x6, 0xc0, 0x1a, 0xe1, 0x7d, 0x0, 0xc,
    0x81, 0xec, 0x20, 0xb7, 0x1, 0xbf, 0xbd, 0x10,
    0x0, 0x5f, 0x90, 0x0, 0x0, 0x5f, 0x0, 0x51,
    0x9, 0xf0, 0xc, 0xff, 0xe5, 0x0, 0x1, 0x10,
    0x0,

    /* U+00A8 "¨" */
    0x67, 0x7, 0x6a, 0xd0, 0xcb,

    /* U+00A9 "©" */
    0x0, 0x5b, 0xcc, 0x50, 0x0, 0x9, 0x91, 0x1,
    0x89, 0x0, 0x59, 0x19, 0xcb, 0x38, 0x50, 0xb1,
    0xc5, 0x0, 0x10, 0xb0, 0xc1, 0xe0, 0x0, 0x0,
    0xb0, 0xc1, 0xe0, 0x0, 0x0, 0xb0, 0xb1, 0xc5,
    0x0, 0x10, 0xb0, 0x59, 0x1a, 0xcb, 0x38, 0x50,
    0x9, 0x91, 0x1, 0x89, 0x0, 0x0, 0x5b, 0xcb,
    0x50, 0x0,

    /* U+00AA "ª" */
    0x5, 0xde, 0xc3, 0x0, 0x10, 0x4, 0xc0, 0x3,
    0xce, 0xef, 0x0, 0xe5, 0x1, 0xf0, 0xf, 0x30,
    0x9f, 0x0, 0x6e, 0xd7, 0xf0, 0x0, 0x0, 0x0,
    0x0, 0xcf, 0xff, 0xf0,

    /* U+00AB "«" */
    0x0, 0x0, 0x0, 0x0, 0x0, 0x8, 0x50, 0x49,
    0x0, 0x9d, 0x14, 0xf4, 0x9, 0xd1, 0x5f, 0x40,
    0x1f, 0x60, 0xbb, 0x0, 0x3, 0xe6, 0x1c, 0xa0,
    0x0, 0x3e, 0x30, 0xc8, 0x0, 0x2, 0x30, 0x5,

    /* U+00AC "¬" */
    0x1, 0x11, 0x11, 0x11, 0x5, 0xff, 0xff, 0xff,
    0xf6, 0x14, 0x44, 0x44, 0x4e, 0x60, 0x0, 0x0,
    0x0, 0xd6, 0x0, 0x0, 0x0, 0xa, 0x40,

    /* U+00AD "­" */
    0x2, 0x22, 0x22, 0x22, 0x0, 0xff, 0xff, 0xff,
    0xf3, 0x5, 0x55, 0x55, 0x55, 0x10,

    /* U+00AE "®" */
    0x0, 0x5b, 0xcc, 0x50, 0x0, 0x9, 0x91, 0x1,
    0x89, 0x0, 0x59, 0x4c, 0xa9, 0x8, 0x50, 0xb0,
    0x59, 0x9, 0x60, 0xb0, 0xc0, 0x59, 0x9, 0x60,
    0xb0, 0xc0, 0x5d, 0xcb, 0x0, 0xb0, 0xb1, 0x59,
    0x1d, 0x20, 0xb0, 0x59, 0x48, 0x4, 0x98, 0x50,
    0x9, 0x91, 0x1, 0x89, 0x0, 0x0, 0x5b, 0xcb,
    0x50, 0x0,

    /* U+00AF "¯" */
    0x2f, 0xff, 0xff, 0xff, 0x20, 0x22, 0x22, 0x22,
    0x20,

    /* U+00B0 "°" */
    0x9, 0xd9, 0x8, 0xa2, 0x98, 0xc2, 0x2, 0xc9,
    0x80, 0x89, 0x1b, 0xfb, 0x10,

    /* U+00B1 "±" */
    0x0, 0x0, 0x20, 0x0, 0x0, 0x0, 0x1f, 0x20,
    0x0, 0x0, 0x1, 0xf2, 0x0, 0x0, 0x11, 0x2f,
    0x31, 0x10, 0x5f, 0xff, 0xff, 0xff, 0x61, 0x44,
    0x5f, 0x54, 0x41, 0x0, 0x1, 0xf2, 0x0, 0x0,
    0x0, 0x1f, 0x20, 0x0, 0x0, 0x0, 0x0, 0x0,
    0x1, 0x55, 0x55, 0x55, 0x52, 0x5f, 0xff, 0xff,
    0xff, 0x60,

    /* U+00B2 "²" */
    0x6d, 0xdb, 0x11, 0x0, 0xb6, 0x0, 0xd, 0x30,
    0x1b, 0x40, 0x1c, 0x40, 0xa, 0xfe, 0xe7,

    /* U+00B3 "³" */
    0x5d, 0xdc, 0x20, 0x0, 0xa8, 0x5, 0xed, 0x20,
    0x0, 0x97, 0x10, 0x8, 0xb7, 0xdd, 0xc2,

    /* U+00B4 "´" */
    0x0, 0xc9, 0x7, 0xc0, 0x3e, 0x10,

    /* U+00B5 "µ" */
    0x9c, 0x0, 0xa, 0xb0, 0x9c, 0x0, 0xa, 0xb0,
    0x9c, 0x0, 0xa, 0xb0, 0x9c, 0x0, 0xa, 0xb0,
    0x9c, 0x0, 0xa, 0xb0, 0x9c, 0x0, 0xb, 0xb0,
    0x9e, 0x0, 0xe, 0xb0, 0x9f, 0xa5, 0xaf, 0xd3,
    0x9a, 0xaf, 0xc4, 0xf8, 0x9a, 0x0, 0x0, 0x0,
    0x9a, 0x0, 0x0, 0x0, 0x9a, 0x0, 0x0, 0x0,

    /* U+00B6 "¶" */
    0x0, 0x8d, 0xff, 0xf8, 0xa, 0xff, 0xf1, 0x78,
    0x1f, 0xff, 0xf1, 0x78, 0x2f, 0xff, 0xf1, 0x78,
    0xf, 0xff, 0xf1, 0x78, 0x7, 0xff, 0xf1, 0x78,
    0x0, 0x49, 0xf1, 0x78, 0x0, 0x0, 0xe1, 0x78,
    0x0, 0x0, 0xe1, 0x78, 0x0, 0x0, 0xe1, 0x78,
    0x0, 0x0, 0xe1, 0x78, 0x0, 0x0, 0xe1, 0x78,
    0x0, 0x0, 0xe1, 0x78, 0x0, 0x0, 0x60, 0x33,

    /* U+00B7 "·" */
    0x26, 0x26, 0xf6, 0x6f, 0x60,

    /* U+00B8 "¸" */
    0x0, 0x0, 0x0, 0x67, 0x0, 0x4d, 0x1e, 0xe7,

    /* U+00B9 "¹" */
    0x5c, 0xf3, 0x0, 0xd, 0x30, 0x0, 0xd3, 0x0,
    0xd, 0x30, 0x0, 0xd3, 0x4, 0xdf, 0xe9,

    /* U+00BA "º" */
    0x2, 0xce, 0xc2, 0x0, 0xd6, 0x5, 0xd0, 0x2f,
    0x0, 0xf, 0x22, 0xf0, 0x0, 0xf2, 0xd, 0x60,
    0x6d, 0x0, 0x2c, 0xec, 0x30, 0x0, 0x0, 0x0,
    0x0, 0xef, 0xff, 0xe0,

    /* U+00BB "»" */
    0x0, 0x0, 0x0, 0x0, 0x84, 0x4, 0x90, 0x0,
    0x4f, 0x51, 0xd9, 0x0, 0x4, 0xf5, 0x1d, 0xa0,
    0x0, 0xac, 0x5, 0xf1, 0xa, 0xd1, 0x5f, 0x40,
    0x8c, 0x13, 0xe3, 0x0, 0x50, 0x3, 0x30, 0x0,

    /* U+00BC "¼" */
    0x16, 0x82, 0x0, 0x0, 0x3, 0x7d, 0x50, 0x0,
    0x0, 0x0, 0xb5, 0x0, 0x0, 0x0, 0xb, 0x50,
    0x0, 0x0, 0x0, 0xb5, 0x0, 0x0, 0x0, 0xb,
    0x50, 0x0, 0x0, 0x3d, 0xed, 0xa0, 0x15, 0x0,
    0x0, 0x48, 0xdc, 0x80, 0x6c, 0xd9, 0x51, 0x10,
    0x3, 0x10, 0x0, 0x6f, 0x20, 0x0, 0x0, 0x1b,
    0xd2, 0x0, 0x0, 0xa, 0x2d, 0x20, 0x0, 0x5,
    0x70, 0xd2, 0x0, 0x0, 0xae, 0xef, 0xe0, 0x0,
    0x0, 0x0, 0xd2, 0x0, 0x0, 0x0, 0x6, 0x10,

    /* U+00BD "½" */
    0x0, 0x0, 0x0, 0x0, 0x4, 0xcf, 0x50, 0x0,
    0x0, 0x0, 0xb5, 0x0, 0x0, 0x0, 0xb, 0x50,
    0x0, 0x0, 0x0, 0xb5, 0x0, 0x0, 0x0, 0xb,
    0x50, 0x0, 0x0, 0x3d, 0xed, 0xa0, 0x5, 0x0,
    0x0, 0x27, 0xbe, 0xa0, 0x39, 0xdc, 0x73, 0x0,
    0x6, 0x51, 0x1b, 0xdc, 0x30, 0x0, 0x0, 0x30,
    0x6d, 0x0, 0x0, 0x0, 0x4, 0xd0, 0x0, 0x0,
    0x0, 0xc4, 0x0, 0x0, 0x0, 0xb7, 0x0, 0x0,
    0x0, 0xa8, 0x0, 0x0, 0x0, 0x2f, 0xee, 0xe0,

    /* U+00BE "¾" */
    0xc, 0xdc, 0x40, 0x0, 0x0, 0x20, 0x5e, 0x0,
    0x0, 0x0, 0x5, 0xb0, 0x0, 0x0, 0x1e, 0xf5,
    0x0, 0x0, 0x0, 0x3, 0xf0, 0x0, 0x1, 0x10,
    0x4f, 0x0, 0x0, 0x2c, 0xdc, 0x40, 0x37, 0x0,
    0x2, 0x6a, 0xdb, 0x70, 0x7d, 0xc7, 0x30, 0x20,
    0x2, 0x0, 0x0, 0x7f, 0x20, 0x0, 0x0, 0x2a,
    0xd2, 0x0, 0x0, 0xb, 0x2d, 0x20, 0x0, 0x6,
    0x70, 0xd2, 0x0, 0x0, 0xae, 0xef, 0xe0, 0x0,
    0x0, 0x0, 0xd2, 0x0, 0x0, 0x0, 0x6, 0x10,

    /* U+00BF "¿" */
    0x0, 0xf, 0x70, 0x0, 0x0, 0xf7, 0x0, 0x0,
    0x0, 0x0, 0x0, 0x0, 0xf6, 0x0, 0x0, 0xf,
    0x50, 0x0, 0x5, 0xf2, 0x0, 0x3, 0xf9, 0x0,
    0x1, 0xeb, 0x0, 0x0, 0x7f, 0x10, 0x0, 0x8,
    0xf0, 0x0, 0x1, 0x4f, 0xb5, 0x7d, 0x40, 0x6d,
    0xfd, 0x70,

    /* U+00C0 "À" */
    0x0, 0xc, 0x70, 0x0, 0x0, 0x0, 0x1d, 0x30,
    0x0, 0x0, 0x0, 0x0, 0x0, 0x0, 0x0, 0x8f,
    0x80, 0x0, 0x0, 0xc, 0xfd, 0x0, 0x0, 0x1,
    0xfb, 0xf1, 0x0, 0x0, 0x5f, 0x3f, 0x60, 0x0,
    0xa, 0xd0, 0xda, 0x0, 0x0, 0xe9, 0x9, 0xe0,
    0x0, 0x3f, 0x50, 0x4f, 0x30, 0x7, 0xf1, 0x1,
    0xf8, 0x0, 0xcf, 0xff, 0xff, 0xc0, 0xf, 0x93,
    0x33, 0x9f, 0x15, 0xf3, 0x0, 0x3, 0xf5, 0x9e,
    0x0, 0x0, 0xe, 0xa0,

    /* U+00C1 "Á" */
    0x0, 0x0, 0x7d, 0x0, 0x0, 0x0, 0x2e, 0x10,
    0x0, 0x0, 0x0, 0x0, 0x0, 0x0, 0x0, 0x8f,
    0x80, 0x0, 0x0, 0xc, 0xfd, 0x0, 0x0, 0x1,
    0xfb, 0xf1, 0x0, 0x0, 0x5f, 0x3f, 0x60, 0x0,
    0xa, 0xd0, 0xda, 0x0, 0x0, 0xe9, 0x9, 0xe0,
    0x0, 0x3f, 0x50, 0x4f, 0x30, 0x7, 0xf1, 0x1,
    0xf8, 0x0, 0xcf, 0xff, 0xff, 0xc0, 0xf, 0x93,
    0x33, 0x9f, 0x15, 0xf3, 0x0, 0x3, 0xf5, 0x9e,
    0x0, 0x0, 0xe, 0xa0,

    /* U+00C2 "Â" */
    0x0, 0x9, 0xe9, 0x0, 0x0, 0x5, 0xb0, 0xb5,
    0x0, 0x0, 0x0, 0x0, 0x0, 0x0, 0x0, 0x8f,
    0x80, 0x0, 0x0, 0xc, 0xfd, 0x0, 0x0, 0x1,
    0xfb, 0xf1, 0x0, 0x0, 0x5f, 0x3f, 0x60, 0x0,
    0xa, 0xd0, 0xda, 0x0, 0x0, 0xe9, 0x9, 0xe0,
    0x0, 0x3f, 0x50, 0x4f, 0x30, 0x7, 0xf1, 0x1,
    0xf8, 0x0, 0xcf, 0xff, 0xff, 0xc0, 0xf, 0x93,
    0x33, 0x9f, 0x15, 0xf3, 0x0, 0x3, 0xf5, 0x9e,
    0x0, 0x0, 0xe, 0xa0,

    /* U+00C3 "Ã" */
    0x0, 0x6e, 0x82, 0xd0, 0x0, 0xc, 0x28, 0xe6,
    0x0, 0x0, 0x0, 0x0, 0x0, 0x0, 0x0, 0x8f,
    0x80, 0x0, 0x0, 0xc, 0xfd, 0x0, 0x0, 0x1,
    0xfb, 0xf1, 0x0, 0x0, 0x5f, 0x3f, 0x60, 0x0,
    0xa, 0xd0, 0xda, 0x0, 0x0, 0xe9, 0x9, 0xe0,
    0x0, 0x3f, 0x50, 0x4f, 0x30, 0x7, 0xf1, 0x1,
    0xf8, 0x0, 0xcf, 0xff, 0xff, 0xc0, 0xf, 0x93,
    0x33, 0x9f, 0x15, 0xf3, 0x0, 0x3, 0xf5, 0x9e,
    0x0, 0x0, 0xe, 0xa0,

    /* U+00C4 "Ä" */
    0x0, 0x67, 0x7, 0x60, 0x0, 0xa, 0xd0, 0xcb,
    0x0, 0x0, 0x0, 0x0, 0x0, 0x0, 0x0, 0x8f,
    0x80, 0x0, 0x0, 0xc, 0xfd, 0x0, 0x0, 0x1,
    0xfb, 0xf1, 0x0, 0x0, 0x5f, 0x3f, 0x60, 0x0,
    0xa, 0xd0, 0xda, 0x0, 0x0, 0xe9, 0x9, 0xe0,
    0x0, 0x3f, 0x50, 0x4f, 0x30, 0x7, 0xf1, 0x1,
    0xf8, 0x0, 0xcf, 0xff, 0xff, 0xc0, 0xf, 0x93,
    0x33, 0x9f, 0x15, 0xf3, 0x0, 0x3, 0xf5, 0x9e,
    0x0, 0x0, 0xe, 0xa0,

    /* U+00C5 "Å" */
    0x0, 0xa, 0xea, 0x0, 0x0, 0x5, 0x90, 0x96,
    0x0, 0x0, 0x6a, 0x9, 0x70, 0x0, 0x1, 0xef,
    0xe1, 0x0, 0x0, 0xb, 0xfc, 0x0, 0x0, 0x0,
    0xfb, 0xf1, 0x0, 0x0, 0x5f, 0x3f, 0x50, 0x0,
    0x9, 0xd0, 0xda, 0x0, 0x0, 0xe9, 0x9, 0xe0,
    0x0, 0x2f, 0x50, 0x4f, 0x30, 0x7, 0xf2, 0x1,
    0xf7, 0x0, 0xbf, 0xff, 0xff, 0xc0, 0xf, 0x93,
    0x33, 0x9f, 0x14, 0xf3, 0x0, 0x3, 0xf5, 0x9e,
    0x0, 0x0, 0xe, 0x90,

    /* U+00C6 "Æ" */
    0x0, 0x2f, 0xff, 0xff, 0x80, 0x6, 0xd8, 0xf5,
    0x52, 0x0, 0xa9, 0x5f, 0x0, 0x0, 0xe, 0x65,
    0xf0, 0x0, 0x2, 0xf2, 0x5f, 0x11, 0x0, 0x6f,
    0x5, 0xff, 0xf4, 0xa, 0xb0, 0x5f, 0x44, 0x10,
    0xe8, 0x15, 0xf0, 0x0, 0x2f, 0xff, 0xff, 0x0,
    0x6, 0xf4, 0x47, 0xf0, 0x0, 0xac, 0x0, 0x5f,
    0x55, 0x3e, 0x70, 0x5, 0xff, 0xfa,

    /* U+00C7 "Ç" */
    0x0, 0x8e, 0xfd, 0x70, 0xbf, 0x75, 0x8c, 0x5f,
    0x40, 0x0, 0xa, 0xd0, 0x0, 0x0, 0xea, 0x0,
    0x0, 0xf, 0x90, 0x0, 0x0, 0xf9, 0x0, 0x0,
    0xe, 0xa0, 0x0, 0x0, 0xad, 0x0, 0x0, 0x5,
    0xf4, 0x0, 0x0, 0xb, 0xf7, 0x58, 0xc0, 0x8,
    0xef, 0xd7, 0x0, 0x0, 0x94, 0x0, 0x0, 0x8,
    0x90, 0x0, 0x5f, 0xe4, 0x0,

    /* U+00C8 "È" */
    0x0, 0xa9, 0x0, 0x0, 0x0, 0xc, 0x50, 0x0,
    0x0, 0x0, 0x0, 0x0, 0x9f, 0xff, 0xff, 0xf0,
    0x9f, 0x55, 0x55, 0x40, 0x9e, 0x0, 0x0, 0x0,
    0x9e, 0x0, 0x0, 0x0, 0x9e, 0x11, 0x11, 0x0,
    0x9f, 0xff, 0xff, 0xb0, 0x9f, 0x44, 0x44, 0x20,
    0x9e, 0x0, 0x0, 0x0, 0x9e, 0x0, 0x0, 0x0,
    0x9e, 0x0, 0x0, 0x0, 0x9f, 0x55, 0x55, 0x50,
    0x9f, 0xff, 0xff, 0xf1,

    /* U+00C9 "É" */
    0x0, 0x5, 0xe1, 0x0, 0x0, 0x1e, 0x30, 0x0,
    0x0, 0x0, 0x0, 0x0, 0x9f, 0xff, 0xff, 0xf0,
    0x9f, 0x55, 0x55, 0x40, 0x9e, 0x0, 0x0, 0x0,
    0x9e, 0x0, 0x0, 0x0, 0x9e, 0x11, 0x11, 0x0,
    0x9f, 0xff, 0xff, 0xb0, 0x9f, 0x44, 0x44, 0x20,
    0x9e, 0x0, 0x0, 0x0, 0x9e, 0x0, 0x0, 0x0,
    0x9e, 0x0, 0x0, 0x0, 0x9f, 0x55, 0x55, 0x50,
    0x9f, 0xff, 0xff, 0xf1,

    /* U+00CA "Ê" */
    0x0, 0x7e, 0xb0, 0x0, 0x3, 0xc1, 0x98, 0x0,
    0x0, 0x0, 0x0, 0x0, 0x9f, 0xff, 0xff, 0xf0,
    0x9f, 0x55, 0x55, 0x40, 0x9e, 0x0, 0x0, 0x0,
    0x9e, 0x0, 0x0, 0x0, 0x9e, 0x11, 0x11, 0x0,
    0x9f, 0xff, 0xff, 0xb0, 0x9f, 0x44, 0x44, 0x20,
    0x9e, 0x0, 0x0, 0x0, 0x9e, 0x0, 0x0, 0x0,
    0x9e, 0x0, 0x0, 0x0, 0x9f, 0x55, 0x55, 0x50,
    0x9f, 0xff, 0xff, 0xf1,

    /* U+00CB "Ë" */
    0x4, 0x80, 0x67, 0x0, 0x8, 0xf0, 0xad, 0x0,
    0x0, 0x0, 0x0, 0x0, 0x9f, 0xff, 0xff, 0xf0,
    0x9f, 0x55, 0x55, 0x40, 0x9e, 0x0, 0x0, 0x0,
    0x9e, 0x0, 0x0, 0x0, 0x9e, 0x11, 0x11, 0x0,
    0x9f, 0xff, 0xff, 0xb0, 0x9f, 0x44, 0x44, 0x20,
    0x9e, 0x0, 0x0, 0x0, 0x9e, 0x0, 0x0, 0x0,
    0x9e, 0x0, 0x0, 0x0, 0x9f, 0x55, 0x55, 0x50,
    0x9f, 0xff, 0xff, 0xf1,

    /* U+00CC "Ì" */
    0x0, 0xc7, 0x0, 0x0, 0x1, 0xd3, 0x0, 0x0,
    0x0, 0x0, 0x8, 0xff, 0xff, 0xf8, 0x25, 0x7f,
    0x75, 0x20, 0x3, 0xf4, 0x0, 0x0, 0x3f, 0x40,
    0x0, 0x3, 0xf4, 0x0, 0x0, 0x3f, 0x40, 0x0,
    0x3, 0xf4, 0x0, 0x0, 0x3f, 0x40, 0x0, 0x3,
    0xf4, 0x0, 0x0, 0x3f, 0x40, 0x2, 0x57, 0xf7,
    0x52, 0x8f, 0xff, 0xff, 0x80,

    /* U+00CD "Í" */
    0x0, 0x7, 0xd0, 0x0, 0x2, 0xe1, 0x0, 0x0,
    0x0, 0x0, 0x8, 0xff, 0xff, 0xf8, 0x25, 0x7f,
    0x75, 0x20, 0x3, 0xf4, 0x0, 0x0, 0x3f, 0x40,
    0x0, 0x3, 0xf4, 0x0, 0x0, 0x3f, 0x40, 0x0,
    0x3, 0xf4, 0x0, 0x0, 0x3f, 0x40, 0x0, 0x3,
    0xf4, 0x0, 0x0, 0x3f, 0x40, 0x2, 0x57, 0xf7,
    0x52, 0x8f, 0xff, 0xff, 0x80,

    /* U+00CE "Î" */
    0x0, 0x9e, 0x90, 0x0, 0x5b, 0xb, 0x50, 0x0,
    0x0, 0x0, 0x8, 0xff, 0xff, 0xf8, 0x25, 0x7f,
    0x75, 0x20, 0x3, 0xf4, 0x0, 0x0, 0x3f, 0x40,
    0x0, 0x3, 0xf4, 0x0, 0x0, 0x3f, 0x40, 0x0,
    0x3, 0xf4, 0x0, 0x0, 0x3f, 0x40, 0x0, 0x3,
    0xf4, 0x0, 0x0, 0x3f, 0x40, 0x2, 0x57, 0xf7,
    0x52, 0x8f, 0xff, 0xff, 0x80,

    /* U+00CF "Ï" */
    0x6, 0x70, 0x76, 0x0, 0xad, 0xc, 0xb0, 0x0,
    0x0, 0x0, 0x8, 0xff, 0xff, 0xf8, 0x25, 0x7f,
    0x75, 0x20, 0x3, 0xf4, 0x0, 0x0, 0x3f, 0x40,
    0x0, 0x3, 0xf4, 0x0, 0x0, 0x3f, 0x40, 0x0,
    0x3, 0xf4, 0x0, 0x0, 0x3f, 0x40, 0x0, 0x3,
    0xf4, 0x0, 0x0, 0x3f, 0x40, 0x2, 0x57, 0xf7,
    0x52, 0x8f, 0xff, 0xff, 0x80,

    /* U+00D0 "Ð" */
    0xf, 0xff, 0xd8, 0x10, 0x0, 0xfa, 0x57, 0xed,
    0x0, 0xf, 0x70, 0x2, 0xf7, 0x0, 0xf7, 0x0,
    0xb, 0xc0, 0xf, 0x70, 0x0, 0x8f, 0xe, 0xff,
    0xf6, 0x7, 0xf0, 0x2f, 0x92, 0x10, 0x7f, 0x0,
    0xf7, 0x0, 0x8, 0xf0, 0xf, 0x70, 0x0, 0xbc,
    0x0, 0xf7, 0x0, 0x2f, 0x70, 0xf, 0xa5, 0x7e,
    0xd0, 0x0, 0xff, 0xfd, 0x81, 0x0,

    /* U+00D1 "Ñ" */
    0x0, 0x6e, 0x82, 0xd0, 0x0, 0xc, 0x28, 0xe6,
    0x0, 0x0, 0x0, 0x0, 0x0, 0xd, 0xf5, 0x0,
    0x9, 0xf0, 0xdf, 0xc0, 0x0, 0x9f, 0xd, 0xdf,
    0x30, 0x9, 0xf0, 0xdb, 0xba, 0x0, 0x9f, 0xd,
    0xb4, 0xf1, 0x9, 0xf0, 0xdb, 0xd, 0x80, 0x9f,
    0xd, 0xb0, 0x6e, 0x9, 0xf0, 0xdb, 0x0, 0xe6,
    0x9f, 0xd, 0xb0, 0x8, 0xd9, 0xf0, 0xdb, 0x0,
    0x1f, 0xdf, 0xd, 0xb0, 0x0, 0xaf, 0xf0, 0xdb,
    0x0, 0x3, 0xff, 0x0,

    /* U+00D2 "Ò" */
    0x0, 0xc, 0x70, 0x0, 0x0, 0x0, 0x1d, 0x30,
    0x0, 0x0, 0x0, 0x0, 0x0, 0x0, 0x5, 0xdf,
    0xd5, 0x0, 0x3, 0xfa, 0x5a, 0xf3, 0x0, 0xad,
    0x0, 0xd, 0xb0, 0xe, 0x90, 0x0, 0x9f, 0x1,
    0xf7, 0x0, 0x7, 0xf1, 0x1f, 0x60, 0x0, 0x6f,
    0x22, 0xf6, 0x0, 0x6, 0xf2, 0x1f, 0x70, 0x0,
    0x7f, 0x10, 0xe9, 0x0, 0x9, 0xf0, 0xa, 0xd0,
    0x0, 0xdb, 0x0, 0x3f, 0xa5, 0xaf, 0x30, 0x0,
    0x5d, 0xfd, 0x50, 0x0,

    /* U+00D3 "Ó" */
    0x0, 0x0, 0x7d, 0x0, 0x0, 0x0, 0x2e, 0x10,
    0x0, 0x0, 0x0, 0x0, 0x0, 0x0, 0x5, 0xdf,
    0xd5, 0x0, 0x3, 0xfa, 0x5a, 0xf3, 0x0, 0xad,
    0x0, 0xd, 0xb0, 0xe, 0x90, 0x0, 0x9f, 0x1,
    0xf7, 0x0, 0x7, 0xf1, 0x1f, 0x60, 0x0, 0x6f,
    0x22, 0xf6, 0x0, 0x6, 0xf2, 0x1f, 0x70, 0x0,
    0x7f, 0x10, 0xe9, 0x0, 0x9, 0xf0, 0xa, 0xd0,
    0x0, 0xdb, 0x0, 0x3f, 0xa5, 0xaf, 0x30, 0x0,
    0x5d, 0xfd, 0x50, 0x0,

    /* U+00D4 "Ô" */
    0x0, 0x9, 0xe9, 0x0, 0x0, 0x5, 0xb0, 0xb5,
    0x0, 0x0, 0x0, 0x0, 0x0, 0x0, 0x5, 0xdf,
    0xd5, 0x0, 0x3, 0xfa, 0x5a, 0xf3, 0x0, 0xad,
    0x0, 0xd, 0xb0, 0xe, 0x90, 0x0, 0x9f, 0x1,
    0xf7, 0x0, 0x7, 0xf1, 0x1f, 0x60, 0x0, 0x6f,
    0x22, 0xf6, 0x0, 0x6, 0xf2, 0x1f, 0x70, 0x0,
    0x7f, 0x10, 0xe9, 0x0, 0x9, 0xf0, 0xa, 0xd0,
    0x0, 0xdb, 0x0, 0x3f, 0xa5, 0xaf, 0x30, 0x0,
    0x5d, 0xfd, 0x50, 0x0,

    /* U+00D5 "Õ" */
    0x0, 0x6e, 0x82, 0xd0, 0x0, 0xc, 0x28, 0xe6,
    0x0, 0x0, 0x0, 0x0, 0x0, 0x0, 0x5, 0xdf,
    0xd5, 0x0, 0x3, 0xfa, 0x5a, 0xf3, 0x0, 0xad,
    0x0, 0xd, 0xb0, 0xe, 0x90, 0x0, 0x9f, 0x1,
    0xf7, 0x0, 0x7, 0xf1, 0x1f, 0x60, 0x0, 0x6f,
    0x22, 0xf6, 0x0, 0x6, 0xf2, 0x1f, 0x70, 0x0,
    0x7f, 0x10, 0xe9, 0x0, 0x9, 0xf0, 0xa, 0xd0,
    0x0, 0xdb, 0x0, 0x3f, 0xa5, 0xaf, 0x30, 0x0,
    0x5d, 0xfd, 0x50, 0x0,

    /* U+00D6 "Ö" */
    0x0, 0xad, 0xc, 0xb0, 0x0, 0x6, 0x70, 0x76,
    0x0, 0x0, 0x0, 0x0, 0x0, 0x0, 0x5, 0xdf,
    0xd5, 0x0, 0x3, 0xfa, 0x5a, 0xf3, 0x0, 0xad,
    0x0, 0xd, 0xb0, 0xe, 0x90, 0x0, 0x9f, 0x1,
    0xf7, 0x0, 0x7, 0xf1, 0x1f, 0x60, 0x0, 0x6f,
    0x22, 0xf6, 0x0, 0x6, 0xf2, 0x1f, 0x70, 0x0,
    0x7f, 0x10, 0xe9, 0x0, 0x9, 0xf0, 0xa, 0xd0,
    0x0, 0xdb, 0x0, 0x3f, 0xa5, 0xaf, 0x30, 0x0,
    0x5d, 0xfd, 0x50, 0x0,

    /* U+00D7 "×" */
    0x43, 0x0, 0x2, 0x49, 0xe2, 0x2, 0xea, 0xb,
    0xe3, 0xdb, 0x0, 0xc, 0xfc, 0x0, 0x0, 0xcf,
    0xc0, 0x0, 0xbd, 0x2d, 0xc0, 0xae, 0x20, 0x1e,
    0xa3, 0x20, 0x0, 0x23,

    /* U+00D8 "Ø" */
    0x0, 0x0, 0x0, 0x0, 0x10, 0x5, 0xdf, 0xd4,
    0x79, 0x3, 0xfa, 0x5a, 0xfd, 0x10, 0xad, 0x0,
    0xf, 0xb0, 0xe, 0x90, 0x7, 0xff, 0x1, 0xf7,
    0x2, 0xd8, 0xf1, 0x1f, 0x60, 0xc5, 0x6f, 0x21,
    0xf6, 0x6a, 0x6, 0xf2, 0xf, 0x8d, 0x10, 0x7f,
    0x10, 0xff, 0x50, 0x9, 0xf0, 0xc, 0xd0, 0x0,
    0xdb, 0x2, 0xef, 0xa5, 0xaf, 0x30, 0xb5, 0x5d,
    0xfd, 0x50, 0x1, 0x0, 0x0, 0x0, 0x0,

    /* U+00D9 "Ù" */
    0x0, 0xc7, 0x0, 0x0, 0x1, 0xd3, 0x0, 0x0,
    0x0, 0x0, 0xe, 0x90, 0x0, 0x8f, 0xe9, 0x0,
    0x8, 0xfe, 0x90, 0x0, 0x8f, 0xe9, 0x0, 0x8,
    0xfe, 0x90, 0x0, 0x8f, 0xe9, 0x0, 0x8, 0xfe,
    0x90, 0x0, 0x8f, 0xe9, 0x0, 0x8, 0xfe, 0x90,
    0x0, 0x8e, 0xcb, 0x0, 0xa, 0xc6, 0xf9, 0x59,
    0xf6, 0x6, 0xdf, 0xd6, 0x0,

    /* U+00DA "Ú" */
    0x0, 0x7, 0xd0, 0x0, 0x2, 0xe1, 0x0, 0x0,
    0x0, 0x0, 0xe, 0x90, 0x0, 0x8f, 0xe9, 0x0,
    0x8, 0xfe, 0x90, 0x0, 0x8f, 0xe9, 0x0, 0x8,
    0xfe, 0x90, 0x0, 0x8f, 0xe9, 0x0, 0x8, 0xfe,
    0x90, 0x0, 0x8f, 0xe9, 0x0, 0x8, 0xfe, 0x90,
    0x0, 0x8e, 0xcb, 0x0, 0xa, 0xc6, 0xf9, 0x59,
    0xf6, 0x6, 0xdf, 0xd6, 0x0,

    /* U+00DB "Û" */
    0x0, 0x9e, 0x90, 0x0, 0x5b, 0xb, 0x50, 0x0,
    0x0, 0x0, 0xe, 0x90, 0x0, 0x8f, 0xe9, 0x0,
    0x8, 0xfe, 0x90, 0x0, 0x8f, 0xe9, 0x0, 0x8,
    0xfe, 0x90, 0x0, 0x8f, 0xe9, 0x0, 0x8, 0xfe,
    0x90, 0x0, 0x8f, 0xe9, 0x0, 0x8, 0xfe, 0x90,
    0x0, 0x8e, 0xcb, 0x0, 0xa, 0xc6, 0xf9, 0x59,
    0xf6, 0x6, 0xdf, 0xd6, 0x0,

    /* U+00DC "Ü" */
    0xa, 0xd0, 0xcb, 0x0, 0x67, 0x7, 0x60, 0x0,
    0x0, 0x0, 0xe, 0x90, 0x0, 0x8f, 0xe9, 0x0,
    0x8, 0xfe, 0x90, 0x0, 0x8f, 0xe9, 0x0, 0x8,
    0xfe, 0x90, 0x0, 0x8f, 0xe9, 0x0, 0x8, 0xfe,
    0x90, 0x0, 0x8f, 0xe9, 0x0, 0x8, 0xfe, 0x90,
    0x0, 0x8e, 0xcb, 0x0, 0xa, 0xc6, 0xf9, 0x59,
    0xf6, 0x6, 0xdf, 0xd6, 0x0,

    /* U+00DD "Ý" */
    0x0, 0x0, 0x7d, 0x0, 0x0, 0x0, 0x2e, 0x10,
    0x0, 0x0, 0x0, 0x0, 0x0, 0x7, 0xf1, 0x0,
    0x1, 0xf7, 0xe, 0x90, 0x0, 0x9e, 0x0, 0x6f,
    0x20, 0x1f, 0x60, 0x0, 0xd9, 0x9, 0xe0, 0x0,
    0x5, 0xf3, 0xf5, 0x0, 0x0, 0xd, 0xfd, 0x0,
    0x0, 0x0, 0x5f, 0x50, 0x0, 0x0, 0x3, 0xf4,
    0x0, 0x0, 0x0, 0x3f, 0x40, 0x0, 0x0, 0x3,
    0xf4, 0x0, 0x0, 0x0, 0x3f, 0x40, 0x0, 0x0,
    0x3, 0xf4, 0x0, 0x0,

    /* U+00DE "Þ" */
    0x8f, 0x0, 0x0, 0x0, 0x8f, 0x10, 0x0, 0x0,
    0x8f, 0xff, 0xfc, 0x30, 0x8f, 0x44, 0x6e, 0xe1,
    0x8f, 0x0, 0x4, 0xf6, 0x8f, 0x0, 0x1, 0xf7,
    0x8f, 0x0, 0x3, 0xf6, 0x8f, 0x0, 0x3c, 0xf2,
    0x8f, 0xff, 0xfe, 0x50, 0x8f, 0x33, 0x20, 0x0,
    0x8f, 0x0, 0x0, 0x0, 0x8f, 0x0, 0x0, 0x0,

    /* U+00DF "ß" */
    0x6, 0xdf, 0xd4, 0x0, 0x4f, 0x83, 0x8f, 0x20,
    0x8d, 0x0, 0xe, 0x60, 0x9c, 0x4, 0xd9, 0x30,
    0xac, 0xe, 0x50, 0x0, 0xac, 0x1f, 0x40, 0x0,
    0xac, 0xb, 0xe5, 0x0, 0xac, 0x0, 0x8f, 0x80,
    0xac, 0x0, 0x5, 0xf3, 0xac, 0x0, 0x0, 0xf6,
    0xac, 0x55, 0x39, 0xf2, 0xac, 0x7e, 0xfd, 0x50,

    /* U+00E0 "à" */
    0x0, 0x8d, 0x0, 0x0, 0x0, 0xc, 0x80, 0x0,
    0x0, 0x1, 0xd3, 0x0, 0x0, 0x0, 0x0, 0x0,
    0x2, 0xae, 0xfd, 0x60, 0x5, 0x95, 0x47, 0xf4,
    0x0, 0x0, 0x0, 0xaa, 0x0, 0x7d, 0xff, 0xfb,
    0x9, 0xe6, 0x22, 0xac, 0xe, 0x70, 0x0, 0xbc,
    0xf, 0x60, 0x0, 0xfc, 0xb, 0xc1, 0x1a, 0xfc,
    0x1, 0xbf, 0xe8, 0x9c,

    /* U+00E1 "á" */
    0x0, 0x0, 0xc, 0x90, 0x0, 0x0, 0x7c, 0x0,
    0x0, 0x3, 0xe1, 0x0, 0x0, 0x0, 0x0, 0x0,
    0x2, 0xae, 0xfd, 0x60, 0x5, 0x95, 0x47, 0xf4,
    0x0, 0x0, 0x0, 0xaa, 0x0, 0x7d, 0xff, 0xfb,
    0x9, 0xe6, 0x22, 0xac, 0xe, 0x70, 0x0, 0xbc,
    0xf, 0x60, 0x0, 0xfc, 0xb, 0xc1, 0x1a, 0xfc,
    0x1, 0xbf, 0xe8, 0x9c,

    /* U+00E2 "â" */
    0x0, 0x5, 0xf5, 0x0, 0x0, 0xd, 0x6e, 0x0,
    0x0, 0x88, 0x7, 0x80, 0x0, 0x0, 0x0, 0x0,
    0x2, 0xae, 0xfd, 0x60, 0x5, 0x95, 0x47, 0xf4,
    0x0, 0x0, 0x0, 0xaa, 0x0, 0x7d, 0xff, 0xfb,
    0x9, 0xe6, 0x22, 0xac, 0xe, 0x70, 0x0, 0xbc,
    0xf, 0x60, 0x0, 0xfc, 0xb, 0xc1, 0x1a, 0xfc,
    0x1, 0xbf, 0xe8, 0x9c,

    /* U+00E3 "ã" */
    0x0, 0x6f, 0x92, 0xd0, 0x0, 0xd2, 0x9f, 0x70,
    0x0, 0x0, 0x0, 0x0, 0x2, 0xae, 0xfd, 0x60,
    0x5, 0x95, 0x47, 0xf4, 0x0, 0x0, 0x0, 0xaa,
    0x0, 0x7d, 0xff, 0xfb, 0x9, 0xe6, 0x22, 0xac,
    0xe, 0x70, 0x0, 0xbc, 0xf, 0x60, 0x0, 0xfc,
    0xb, 0xc1, 0x1a, 0xfc, 0x1, 0xbf, 0xe8, 0x9c,

    /* U+00E4 "ä" */
    0x0, 0xad, 0xc, 0xb0, 0x0, 0x67, 0x7, 0x60,
    0x0, 0x0, 0x0, 0x0, 0x2, 0xae, 0xfd, 0x60,
    0x5, 0x95, 0x47, 0xf4, 0x0, 0x0, 0x0, 0xaa,
    0x0, 0x7d, 0xff, 0xfb, 0x9, 0xe6, 0x22, 0xac,
    0xe, 0x70, 0x0, 0xbc, 0xf, 0x60, 0x0, 0xfc,
    0xb, 0xc1, 0x1a, 0xfc, 0x1, 0xbf, 0xe8, 0x9c,

    /* U+00E5 "å" */
    0x0, 0xa, 0xea, 0x0, 0x0, 0x69, 0x9, 0x60,
    0x0, 0x69, 0x9, 0x60, 0x0, 0xa, 0xea, 0x0,
    0x0, 0x0, 0x0, 0x0, 0x2, 0xae, 0xfd, 0x60,
    0x5, 0x95, 0x47, 0xf4, 0x0, 0x0, 0x0, 0xaa,
    0x0, 0x7d, 0xff, 0xfb, 0x9, 0xe6, 0x22, 0xac,
    0xe, 0x70, 0x0, 0xbc, 0xf, 0x60, 0x0, 0xfc,
    0xb, 0xc1, 0x1a, 0xfc, 0x1, 0xbf, 0xe8, 0x9c,

    /* U+00E6 "æ" */
    0x1b, 0xfd, 0x4c, 0xfa, 0x2, 0x84, 0xaf, 0xb4,
    0xd7, 0x0, 0x1, 0xf4, 0x8, 0xa0, 0x0, 0xf,
    0x30, 0x6c, 0x9, 0xef, 0xff, 0xff, 0xc7, 0xd4,
    0x3f, 0x42, 0x21, 0xa8, 0x1, 0xf4, 0x0, 0x8,
    0xd4, 0x8f, 0xc4, 0x57, 0x1b, 0xfc, 0x2a, 0xfd,
    0x50,

    /* U+00E7 "ç" */
    0x0, 0x8e, 0xfd, 0x50, 0xbf, 0x74, 0x7a, 0x3f,
    0x50, 0x0, 0x7, 0xf0, 0x0, 0x0, 0x9d, 0x0,
    0x0, 0x7, 0xf0, 0x0, 0x0, 0x3f, 0x50, 0x0,
    0x0, 0xbf, 0x74, 0x6a, 0x0, 0x8e, 0xfd, 0x60,
    0x0, 0x9, 0x50, 0x0, 0x0, 0x7a, 0x0, 0x4,
    0xfe, 0x40,

    /* U+00E8 "è" */
    0x0, 0x7e, 0x0, 0x0, 0x0, 0x0, 0xa9, 0x0,
    0x0, 0x0, 0x0, 0xd5, 0x0, 0x0, 0x0, 0x0,
    0x0, 0x0, 0x0, 0x4c, 0xfe, 0x80, 0x0, 0x3f,
    0x94, 0x6e, 0x80, 0xc, 0x90, 0x0, 0x5f, 0x0,
    0xff, 0xff, 0xff, 0xf2, 0x1f, 0x72, 0x22, 0x22,
    0x0, 0xf7, 0x0, 0x0, 0x0, 0xc, 0xc0, 0x0,
    0x0, 0x0, 0x3f, 0xb5, 0x59, 0xc0, 0x0, 0x4c,
    0xff, 0xc6, 0x0,

    /* U+00E9 "é" */
    0x0, 0x0, 0xb, 0xb0, 0x0, 0x0, 0x6, 0xd0,
    0x0, 0x0, 0x2, 0xe2, 0x0, 0x0, 0x0, 0x0,
    0x0, 0x0, 0x0, 0x4c, 0xfe, 0x80, 0x0, 0x3f,
    0x94, 0x6e, 0x80, 0xc, 0x90, 0x0, 0x5f, 0x0,
    0xff, 0xff, 0xff, 0xf2, 0x1f, 0x72, 0x22, 0x22,
    0x0, 0xf7, 0x0, 0x0, 0x0, 0xc, 0xc0, 0x0,
    0x0, 0x0, 0x3f, 0xb5, 0x59, 0xc0, 0x0, 0x4c,
    0xff, 0xc6, 0x0,

    /* U+00EA "ê" */
    0x0, 0x3, 0xf7, 0x0, 0x0, 0x0, 0xc6, 0xe1,
    0x0, 0x0, 0x6a, 0x6, 0xa0, 0x0, 0x0, 0x0,
    0x0, 0x0, 0x0, 0x4c, 0xfe, 0x80, 0x0, 0x3f,
    0x94, 0x6e, 0x80, 0xc, 0x90, 0x0, 0x5f, 0x0,
    0xff, 0xff, 0xff, 0xf2, 0x1f, 0x72, 0x22, 0x22,
    0x0, 0xf7, 0x0, 0x0, 0x0, 0xc, 0xc0, 0x0,
    0x0, 0x0, 0x3f, 0xb5, 0x59, 0xc0, 0x0, 0x4c,
    0xff, 0xc6, 0x0,

    /* U+00EB "ë" */
    0x0, 0x9e, 0xb, 0xc0, 0x0, 0x5, 0x80, 0x67,
    0x0, 0x0, 0x0, 0x0, 0x0, 0x0, 0x4, 0xcf,
    0xe8, 0x0, 0x3, 0xf9, 0x46, 0xe8, 0x0, 0xc9,
    0x0, 0x5, 0xf0, 0xf, 0xff, 0xff, 0xff, 0x21,
    0xf7, 0x22, 0x22, 0x20, 0xf, 0x70, 0x0, 0x0,
    0x0, 0xcc, 0x0, 0x0, 0x0, 0x3, 0xfb, 0x55,
    0x9c, 0x0, 0x4, 0xcf, 0xfc, 0x60,

    /* U+00EC "ì" */
    0x8, 0xd0, 0x0, 0x0, 0xc, 0x80, 0x0, 0x0,
    0x1d, 0x30, 0x0, 0x0, 0x0, 0x0, 0x2f, 0xff,
    0x50, 0x0, 0x22, 0xf5, 0x0, 0x0, 0xf, 0x50,
    0x0, 0x0, 0xf5, 0x0, 0x0, 0xf, 0x50, 0x0,
    0x0, 0xf5, 0x0, 0x0, 0xf, 0x50, 0x1, 0x22,
    0xf6, 0x22, 0xbf, 0xff, 0xff, 0xf0,

    /* U+00ED "í" */
    0x0, 0x0, 0xc9, 0x0, 0x0, 0x7c, 0x0, 0x0,
    0x3e, 0x10, 0x0, 0x0, 0x0, 0x0, 0x2f, 0xff,
    0x50, 0x0, 0x22, 0xf5, 0x0, 0x0, 0xf, 0x50,
    0x0, 0x0, 0xf5, 0x0, 0x0, 0xf, 0x50, 0x0,
    0x0, 0xf5, 0x0, 0x0, 0xf, 0x50, 0x1, 0x22,
    0xf6, 0x22, 0xbf, 0xff, 0xff, 0xf0,

    /* U+00EE "î" */
    0x0, 0x5f, 0x50, 0x0, 0xd, 0x6e, 0x0, 0x8,
    0x80, 0x78, 0x0, 0x0, 0x0, 0x0, 0x2f, 0xff,
    0x50, 0x0, 0x22, 0xf5, 0x0, 0x0, 0xf, 0x50,
    0x0, 0x0, 0xf5, 0x0, 0x0, 0xf, 0x50, 0x0,
    0x0, 0xf5, 0x0, 0x0, 0xf, 0x50, 0x1, 0x22,
    0xf6, 0x22, 0xbf, 0xff, 0xff, 0xf0,

    /* U+00EF "ï" */
    0x7, 0xf0, 0x9d, 0x0, 0x49, 0x5, 0x70, 0x0,
    0x0, 0x0, 0x2, 0xff, 0xf5, 0x0, 0x2, 0x2f,
    0x50, 0x0, 0x0, 0xf5, 0x0, 0x0, 0xf, 0x50,
    0x0, 0x0, 0xf5, 0x0, 0x0, 0xf, 0x50, 0x0,
    0x0, 0xf5, 0x0, 0x12, 0x2f, 0x62, 0x2b, 0xff,
    0xff, 0xff,

    /* U+00F0 "ð" */
    0x5, 0xf5, 0x48, 0x0, 0x6, 0xdf, 0xa2, 0x0,
    0x4, 0x5, 0xe1, 0x0, 0x5, 0xdf, 0xfa, 0x0,
    0x3f, 0x93, 0x5f, 0x30, 0xbc, 0x0, 0xb, 0xa0,
    0xe8, 0x0, 0x8, 0xe0, 0xf7, 0x0, 0x6, 0xf0,
    0xe8, 0x0, 0x8, 0xe0, 0xbc, 0x0, 0xc, 0xb0,
    0x3f, 0x94, 0x9f, 0x40, 0x5, 0xdf, 0xd6, 0x0,

    /* U+00F1 "ñ" */
    0x6, 0xf9, 0x2d, 0x0, 0xd2, 0x9f, 0x70, 0x0,
    0x0, 0x0, 0x9, 0xc7, 0xee, 0x90, 0x9f, 0x91,
    0x4f, 0x59, 0xf0, 0x0, 0xc9, 0x9d, 0x0, 0xa,
    0xa9, 0xc0, 0x0, 0xab, 0x9c, 0x0, 0xa, 0xb9,
    0xc0, 0x0, 0xab, 0x9c, 0x0, 0xa, 0xb9, 0xc0,
    0x0, 0xab,

    /* U+00F2 "ò" */
    0x8, 0xd0, 0x0, 0x0, 0x0, 0xc8, 0x0, 0x0,
    0x0, 0x1d, 0x30, 0x0, 0x0, 0x0, 0x0, 0x0,
    0x5, 0xdf, 0xd6, 0x0, 0x4f, 0x94, 0x9f, 0x50,
    0xbc, 0x0, 0xc, 0xc0, 0xe8, 0x0, 0x8, 0xf0,
    0xf7, 0x0, 0x6, 0xf0, 0xe8, 0x0, 0x8, 0xf0,
    0xbc, 0x0, 0xc, 0xc0, 0x4f, 0x94, 0x9f, 0x50,
    0x6, 0xdf, 0xd6, 0x0,

    /* U+00F3 "ó" */
    0x0, 0x0, 0xc9, 0x0, 0x0, 0x7, 0xc0, 0x0,
    0x0, 0x3e, 0x10, 0x0, 0x0, 0x0, 0x0, 0x0,
    0x5, 0xdf, 0xd6, 0x0, 0x4f, 0x94, 0x9f, 0x50,
    0xbc, 0x0, 0xc, 0xc0, 0xe8, 0x0, 0x8, 0xf0,
    0xf7, 0x0, 0x6, 0xf0, 0xe8, 0x0, 0x8, 0xf0,
    0xbc, 0x0, 0xc, 0xc0, 0x4f, 0x94, 0x9f, 0x50,
    0x6, 0xdf, 0xd6, 0x0,

    /* U+00F4 "ô" */
    0x0, 0x5f, 0x50, 0x0, 0x0, 0xd6, 0xe0, 0x0,
    0x8, 0x80, 0x78, 0x0, 0x0, 0x0, 0x0, 0x0,
    0x5, 0xdf, 0xd6, 0x0, 0x4f, 0x94, 0x9f, 0x50,
    0xbc, 0x0, 0xc, 0xc0, 0xe8, 0x0, 0x8, 0xf0,
    0xf7, 0x0, 0x6, 0xf0, 0xe8, 0x0, 0x8, 0xf0,
    0xbc, 0x0, 0xc, 0xc0, 0x4f, 0x94, 0x9f, 0x50,
    0x6, 0xdf, 0xd6, 0x0,

    /* U+00F5 "õ" */
    0x9, 0xff, 0xfa, 0x0, 0x0, 0x0, 0x0, 0x0,
    0x0, 0x0, 0x0, 0x0, 0x5, 0xdf, 0xd6, 0x0,
    0x4f, 0x94, 0x9f, 0x50, 0xbc, 0x0, 0xc, 0xc0,
    0xe8, 0x0, 0x8, 0xf0, 0xf7, 0x0, 0x6, 0xf0,
    0xe8, 0x0, 0x8, 0xf0, 0xbc, 0x0, 0xc, 0xc0,
    0x4f, 0x94, 0x9f, 0x50, 0x6, 0xdf, 0xd6, 0x0,

    /* U+00F6 "ö" */
    0xa, 0xd0, 0xcb, 0x0, 0x6, 0x70, 0x76, 0x0,
    0x0, 0x0, 0x0, 0x0, 0x5, 0xdf, 0xd6, 0x0,
    0x4f, 0x94, 0x9f, 0x50, 0xbc, 0x0, 0xc, 0xc0,
    0xe8, 0x0, 0x8, 0xf0, 0xf7, 0x0, 0x6, 0xf0,
    0xe8, 0x0, 0x8, 0xf0, 0xbc, 0x0, 0xc, 0xc0,
    0x4f, 0x94, 0x9f, 0x50, 0x6, 0xdf, 0xd6, 0x0,

    /* U+00F7 "÷" */
    0x0, 0x6, 0xf6, 0x0, 0x0, 0x0, 0x5f, 0x60,
    0x0, 0x1, 0x11, 0x11, 0x11, 0x5, 0xff, 0xff,
    0xff, 0xf6, 0x14, 0x44, 0x44, 0x44, 0x10, 0x0,
    0x0, 0x0, 0x0, 0x0, 0x6, 0xf6, 0x0, 0x0,
    0x0, 0x5e, 0x50, 0x0,

    /* U+00F8 "ø" */
    0x0, 0x0, 0x0, 0x2, 0x10, 0x5, 0xdf, 0xd5,
    0xd4, 0x4, 0xf9, 0x49, 0xf9, 0x0, 0xbc, 0x0,
    0x7f, 0xb0, 0xe, 0x70, 0x4c, 0x7e, 0x0, 0xf6,
    0x2d, 0x16, 0xf0, 0xe, 0x8c, 0x40, 0x8f, 0x0,
    0xbf, 0x70, 0xc, 0xc0, 0x9, 0xf9, 0x49, 0xf5,
    0x4, 0xc5, 0xdf, 0xd6, 0x0, 0x21, 0x0, 0x0,
    0x0, 0x0,

    /* U+00F9 "ù" */
    0x8, 0xd0, 0x0, 0x0, 0xc, 0x80, 0x0, 0x0,
    0x1d, 0x30, 0x0, 0x0, 0x0, 0x0, 0x9c, 0x0,
    0xa, 0xb9, 0xc0, 0x0, 0xab, 0x9c, 0x0, 0xa,
    0xb9, 0xc0, 0x0, 0xab, 0x9c, 0x0, 0xa, 0xb9,
    0xc0, 0x0, 0xbb, 0x7e, 0x0, 0xd, 0xb3, 0xf5,
    0x18, 0xfb, 0x8, 0xee, 0x8a, 0xb0,

    /* U+00FA "ú" */
    0x0, 0x0, 0xc9, 0x0, 0x0, 0x7c, 0x0, 0x0,
    0x3e, 0x10, 0x0, 0x0, 0x0, 0x0, 0x9c, 0x0,
    0xa, 0xb9, 0xc0, 0x0, 0xab, 0x9c, 0x0, 0xa,
    0xb9, 0xc0, 0x0, 0xab, 0x9c, 0x0, 0xa, 0xb9,
    0xc0, 0x0, 0xbb, 0x7e, 0x0, 0xd, 0xb3, 0xf5,
    0x18, 0xfb, 0x8, 0xee, 0x8a, 0xb0,

    /* U+00FB "û" */
    0x0, 0x5f, 0x50, 0x0, 0xd, 0x6e, 0x0, 0x8,
    0x80, 0x78, 0x0, 0x0, 0x0, 0x0, 0x9c, 0x0,
    0xa, 0xb9, 0xc0, 0x0, 0xab, 0x9c, 0x0, 0xa,
    0xb9, 0xc0, 0x0, 0xab, 0x9c, 0x0, 0xa, 0xb9,
    0xc0, 0x0, 0xbb, 0x7e, 0x0, 0xd, 0xb3, 0xf5,
    0x18, 0xfb, 0x8, 0xee, 0x8a, 0xb0,

    /* U+00FC "ü" */
    0xa, 0xd0, 0xcb, 0x0, 0x67, 0x7, 0x60, 0x0,
    0x0, 0x0, 0x9, 0xc0, 0x0, 0xab, 0x9c, 0x0,
    0xa, 0xb9, 0xc0, 0x0, 0xab, 0x9c, 0x0, 0xa,
    0xb9, 0xc0, 0x0, 0xab, 0x9c, 0x0, 0xb, 0xb7,
    0xe0, 0x0, 0xdb, 0x3f, 0x51, 0x8f, 0xb0, 0x8e,
    0xe8, 0xab,

    /* U+00FD "ý" */
    0x0, 0x0, 0xc, 0x90, 0x0, 0x0, 0x7, 0xc0,
    0x0, 0x0, 0x3, 0xe1, 0x0, 0x0, 0x0, 0x0,
    0x0, 0x0, 0x1f, 0x50, 0x0, 0x2f, 0x40, 0xab,
    0x0, 0x8, 0xe0, 0x4, 0xf1, 0x0, 0xd8, 0x0,
    0xe, 0x70, 0x3f, 0x20, 0x0, 0x9c, 0x9, 0xc0,
    0x0, 0x3, 0xf2, 0xe6, 0x0, 0x0, 0xd, 0xcf,
    0x10, 0x0, 0x0, 0x7f, 0xb0, 0x0, 0x0, 0x2,
    0xf5, 0x0, 0x0, 0x0, 0x6f, 0x0, 0x0, 0x2,
    0x4e, 0x90, 0x0, 0x0, 0xaf, 0xb0, 0x0, 0x0,

    /* U+00FE "þ" */
    0x9c, 0x0, 0x0, 0x0, 0x9c, 0x0, 0x0, 0x0,
    0x9c, 0x0, 0x0, 0x0, 0x9c, 0x8e, 0xe8, 0x0,
    0x9f, 0xc4, 0x7f, 0x60, 0x9f, 0x10, 0xa, 0xd0,
    0x9d, 0x0, 0x6, 0xf0, 0x9c, 0x0, 0x5, 0xf1,
    0x9d, 0x0, 0x6, 0xf0, 0x9f, 0x10, 0xa, 0xd0,
    0x9f, 0xc4, 0x7f, 0x60, 0x9c, 0x8f, 0xe8, 0x0,
    0x9c, 0x0, 0x0, 0x0, 0x9c, 0x0, 0x0, 0x0,
    0x9c, 0x0, 0x0, 0x0,

    /* U+00FF "ÿ" */
    0x0, 0xad, 0xc, 0xb0, 0x0, 0x6, 0x70, 0x76,
    0x0, 0x0, 0x0, 0x0, 0x0, 0x1, 0xf5, 0x0,
    0x2, 0xf4, 0xa, 0xb0, 0x0, 0x8e, 0x0, 0x4f,
    0x10, 0xd, 0x80, 0x0, 0xe7, 0x3, 0xf2, 0x0,
    0x9, 0xc0, 0x9c, 0x0, 0x0, 0x3f, 0x2e, 0x60,
    0x0, 0x0, 0xdc, 0xf1, 0x0, 0x0, 0x7, 0xfb,
    0x0, 0x0, 0x0, 0x2f, 0x50, 0x0, 0x0, 0x6,
    0xf0, 0x0, 0x0, 0x24, 0xe9, 0x0, 0x0, 0xa,
    0xfb, 0x0, 0x0, 0x0,

    /* U+0192 "ƒ" */
    0x0, 0x8, 0xef, 0xc0, 0x3, 0xf6, 0x32, 0x0,
    0x6f, 0x0, 0x9, 0xff, 0xff, 0xfc, 0x12, 0x7f,
    0x22, 0x10, 0x6, 0xf0, 0x0, 0x0, 0x6f, 0x0,
    0x0, 0x6, 0xf0, 0x0, 0x0, 0x6f, 0x0, 0x0,
    0x6, 0xf0, 0x0, 0x0, 0x6f, 0x0, 0x0, 0x6,
    0xf0, 0x0, 0x0, 0x6e, 0x0, 0x0, 0x4c, 0xb0,
    0x0, 0x1f, 0xc2, 0x0, 0x0,

    /* U+0393 "Γ" */
    0x6f, 0xff, 0xff, 0xf5, 0x6f, 0x55, 0x55, 0x51,
    0x6f, 0x10, 0x0, 0x0, 0x6f, 0x10, 0x0, 0x0,
    0x6f, 0x10, 0x0, 0x0, 0x6f, 0x10, 0x0, 0x0,
    0x6f, 0x10, 0x0, 0x0, 0x6f, 0x10, 0x0, 0x0,
    0x6f, 0x10, 0x0, 0x0, 0x6f, 0x10, 0x0, 0x0,
    0x6f, 0x10, 0x0, 0x0, 0x6f, 0x10, 0x0, 0x0,

    /* U+0398 "Θ" */
    0x0, 0x5d, 0xfd, 0x50, 0x0, 0x3f, 0xa5, 0xaf,
    0x30, 0xa, 0xd0, 0x0, 0xdb, 0x0, 0xe9, 0x0,
    0x9, 0xf0, 0x1f, 0x70, 0x10, 0x7f, 0x11, 0xf6,
    0xff, 0xf6, 0xf2, 0x2f, 0x63, 0x43, 0x6f, 0x21,
    0xf7, 0x0, 0x7, 0xf1, 0xe, 0x90, 0x0, 0x9f,
    0x0, 0xad, 0x0, 0xd, 0xb0, 0x3, 0xfa, 0x5a,
    0xf3, 0x0, 0x5, 0xdf, 0xd5, 0x0,

    /* U+03A3 "Σ" */
    0x2f, 0xff, 0xff, 0xff, 0x40, 0xec, 0x55, 0x55,
    0x51, 0x4, 0xf4, 0x0, 0x0, 0x0, 0x9, 0xe1,
    0x0, 0x0, 0x0, 0xd, 0xa0, 0x0, 0x0, 0x0,
    0x2f, 0x60, 0x0, 0x0, 0x2, 0xf6, 0x0, 0x0,
    0x0, 0xda, 0x0, 0x0, 0x0, 0x9e, 0x10, 0x0,
    0x0, 0x4f, 0x40, 0x0, 0x0, 0xe, 0xc5, 0x55,
    0x55, 0x12, 0xff, 0xff, 0xff, 0xf4,

    /* U+03A6 "Φ" */
    0x0, 0x5f, 0xff, 0x50, 0x0, 0x1, 0x7f, 0x71,
    0x0, 0x0, 0x4b, 0xfb, 0x40, 0x0, 0x6f, 0xef,
    0xef, 0x60, 0xe, 0xb3, 0xf4, 0xbe, 0x1, 0xf7,
    0x3f, 0x47, 0xf1, 0x1f, 0x73, 0xf4, 0x7f, 0x10,
    0xeb, 0x3f, 0x4b, 0xe0, 0x6, 0xfe, 0xfe, 0xf7,
    0x0, 0x5, 0xbf, 0xb5, 0x0, 0x0, 0x17, 0xf7,
    0x10, 0x0, 0x5, 0xff, 0xf5, 0x0,

    /* U+03A9 "Ω" */
    0x0, 0x5d, 0xfd, 0x50, 0x0, 0x4f, 0xa5, 0x9f,
    0x40, 0xd, 0xb0, 0x0, 0xbd, 0x2, 0xf5, 0x0,
    0x4, 0xf2, 0x4f, 0x20, 0x0, 0x2f, 0x55, 0xf1,
    0x0, 0x1, 0xf5, 0x5f, 0x20, 0x0, 0x2f, 0x52,
    0xf4, 0x0, 0x4, 0xf2, 0xe, 0x80, 0x0, 0x8e,
    0x0, 0x6e, 0x0, 0xe, 0x70, 0x25, 0xeb, 0xb,
    0xe5, 0x27, 0xff, 0xf0, 0xef, 0xf7,

    /* U+03B1 "α" */
    0x1, 0xaf, 0xd5, 0x1f, 0x20, 0xcc, 0x16, 0xf7,
    0xd0, 0x3f, 0x40, 0xd, 0xf8, 0x6, 0xf0, 0x0,
    0x9f, 0x30, 0x7f, 0x0, 0x7, 0xe0, 0x5, 0xf0,
    0x0, 0x9e, 0x0, 0x3f, 0x30, 0xe, 0xf0, 0x0,
    0xcc, 0x17, 0xee, 0x60, 0x1, 0xbf, 0xe3, 0x5e,
    0x90,

    /* U+03B2 "β" */
    0x7, 0xdf, 0xd6, 0x0, 0x6f, 0xb8, 0xcf, 0x20,
    0xbb, 0x0, 0xf, 0x50, 0xd7, 0x0, 0xf, 0x50,
    0xe7, 0x2, 0xbf, 0x10, 0xe7, 0x9f, 0xf9, 0x0,
    0xe7, 0x24, 0x9f, 0xa0, 0xe7, 0x0, 0x6, 0xf1,
    0xe7, 0x0, 0x3, 0xf2, 0xeb, 0x0, 0x6, 0xf0,
    0xef, 0xd9, 0x9f, 0xa0, 0xeb, 0xcf, 0xe9, 0x10,
    0xe7, 0x0, 0x0, 0x0, 0xe7, 0x0, 0x0, 0x0,
    0xe7, 0x0, 0x0, 0x0,

    /* U+03B4 "δ" */
    0x5, 0xdf, 0xfb, 0x0, 0x3f, 0xa5, 0x58, 0x0,
    0x6f, 0x30, 0x0, 0x0, 0xd, 0xff, 0xd6, 0x0,
    0x3f, 0x94, 0x9f, 0x50, 0xac, 0x0, 0xc, 0xc0,
    0xd8, 0x0, 0x8, 0xf0, 0xf7, 0x0, 0x6, 0xf0,
    0xf8, 0x0, 0x8, 0xf0, 0xbc, 0x0, 0xc, 0xc0,
    0x5f, 0x94, 0x9f, 0x50, 0x6, 0xdf, 0xd6, 0x0,

    /* U+03B5 "ε" */
    0x6, 0xdf, 0xfd, 0x54, 0xfa, 0x55, 0x75, 0x7e,
    0x0, 0x0, 0x1, 0xc5, 0x0, 0x0, 0x8, 0xff,
    0xf1, 0x8, 0xf6, 0x32, 0x0, 0xba, 0x0, 0x0,
    0x7, 0xf8, 0x44, 0x57, 0x6, 0xce, 0xfd, 0x80,

    /* U+03C0 "π" */
    0x6f, 0xff, 0xff, 0xff, 0x72, 0xaf, 0x77, 0x7f,
    0xa3, 0x5, 0xf0, 0x0, 0xe6, 0x0, 0x5f, 0x0,
    0xe, 0x60, 0x5, 0xf0, 0x0, 0xe6, 0x0, 0x5f,
    0x0, 0xe, 0x60, 0x5, 0xf0, 0x0, 0xe6, 0x0,
    0x5f, 0x0, 0xd, 0xa2, 0x5, 0xf0, 0x0, 0x7f,
    0xa0,

    /* U+03C3 "σ" */
    0x6, 0xdf, 0xff, 0xf4, 0x4f, 0xb8, 0xfe, 0x72,
    0xbb, 0x0, 0x3f, 0x60, 0xe7, 0x0, 0xa, 0xd0,
    0xf7, 0x0, 0x7, 0xf0, 0xe8, 0x0, 0x7, 0xf0,
    0xbc, 0x0, 0xc, 0xc0, 0x4f, 0x94, 0x9f, 0x40,
    0x5, 0xdf, 0xd5, 0x0,

    /* U+03C4 "τ" */
    0xdf, 0xff, 0xff, 0xd5, 0x68, 0xf8, 0x65, 0x0,
    0x3f, 0x30, 0x0, 0x3, 0xf3, 0x0, 0x0, 0x3f,
    0x30, 0x0, 0x2, 0xf3, 0x0, 0x0, 0x1f, 0x30,
    0x0, 0x0, 0xea, 0x30, 0x0, 0x4, 0xdf, 0x20,

    /* U+03C6 "φ" */
    0x1, 0xa5, 0x8f, 0xc2, 0x0, 0xce, 0x3f, 0x8d,
    0xd0, 0x3f, 0x52, 0xf3, 0x4f, 0x36, 0xf1, 0x2f,
    0x30, 0xf6, 0x6f, 0x2, 0xf3, 0xf, 0x74, 0xf1,
    0x2f, 0x30, 0xf6, 0x2f, 0x52, 0xf3, 0x5f, 0x20,
    0xae, 0x8f, 0x8e, 0xb0, 0x0, 0xaf, 0xff, 0xa1,
    0x0, 0x0, 0x2f, 0x30, 0x0, 0x0, 0x2, 0xf3,
    0x0, 0x0, 0x0, 0x2f, 0x30, 0x0,

    /* U+2022 "•" */
    0x5, 0x95, 0x5, 0xff, 0xf5, 0x9f, 0xff, 0xa7,
    0xff, 0xf7, 0xa, 0xfb, 0x0,

    /* U+203C "‼" */
    0x4f, 0x30, 0xc, 0xb4, 0xf3, 0x0, 0xcb, 0x4f,
    0x30, 0xc, 0xb4, 0xf3, 0x0, 0xcb, 0x4f, 0x30,
    0xc, 0xb3, 0xf3, 0x0, 0xbb, 0x2f, 0x20, 0xa,
    0xa0, 0x80, 0x0, 0x55, 0x0, 0x0, 0x0, 0x0,
    0x0, 0x0, 0x0, 0x7f, 0x70, 0xf, 0xf7, 0xf7,
    0x0, 0xff,

    /* U+207F "ⁿ" */
    0xa9, 0x8b, 0x2a, 0x50, 0x49, 0xa3, 0x2, 0xaa,
    0x30, 0x2b, 0xa3, 0x2, 0xb0,

    /* U+20A7 "₧" */
    0xef, 0xb2, 0x80, 0x0, 0xc, 0x4c, 0x68, 0x0,
    0x0, 0xb0, 0x59, 0x80, 0x0, 0xb, 0x3, 0xff,
    0xe7, 0xf8, 0xb0, 0x4b, 0x91, 0xc3, 0x6b, 0xa,
    0x88, 0x19, 0x0, 0xef, 0xe3, 0x80, 0xe4, 0xc,
    0x30, 0x28, 0x9, 0xf7, 0xb0, 0x2, 0x80, 0x4,
    0xdb, 0x0, 0x28, 0x0, 0xb, 0xb0, 0x0, 0xc3,
    0x30, 0xbb, 0x0, 0xa, 0xff, 0xf5,

    /* U+2190 "←" */
    0x0, 0x62, 0x0, 0x0, 0x0, 0x6d, 0x10, 0x0,
    0x0, 0x3f, 0xfe, 0xee, 0xee, 0xb0, 0xbc, 0x44,
    0x44, 0x43, 0x0, 0xb3, 0x0, 0x0, 0x0, 0x0,
    0x0, 0x0, 0x0,

    /* U+2191 "↑" */
    0x0, 0x0, 0x0, 0x5f, 0x60, 0x5e, 0xfe, 0x66,
    0x3f, 0x36, 0x1, 0xf1, 0x0, 0x1f, 0x10, 0x1,
    0xf1, 0x0, 0x1f, 0x10, 0x1, 0xf1, 0x0,

    /* U+2192 "→" */
    0x0, 0x0, 0x0, 0x71, 0x0, 0x0, 0x0, 0x7,
    0xd1, 0x4e, 0xee, 0xee, 0xef, 0xb1, 0x44, 0x44,
    0x47, 0xf4, 0x0, 0x0, 0x0, 0xb4, 0x0, 0x0,
    0x0, 0x0, 0x0,

    /* U+2193 "↓" */
    0x0, 0x10, 0x0, 0x1f, 0x10, 0x1, 0xf1, 0x0,
    0x1f, 0x10, 0x1, 0xf1, 0x0, 0x1f, 0x10, 0x73,
    0xf3, 0x75, 0xef, 0xe5, 0x4, 0xf5, 0x0,

    /* U+2194 "↔" */
    0x0, 0x62, 0x0, 0x71, 0x0, 0x6d, 0x10, 0x7,
    0xd1, 0x3f, 0xfe, 0xee, 0xef, 0xb0, 0xbc, 0x44,
    0x47, 0xf4, 0x0, 0xb3, 0x0, 0xb4, 0x0, 0x0,
    0x0, 0x0, 0x0,

    /* U+2195 "↕" */
    0x0, 0x0, 0x0, 0x5f, 0x60, 0x5e, 0xfe, 0x66,
    0x3f, 0x36, 0x1, 0xf1, 0x0, 0x1f, 0x10, 0x73,
    0xf3, 0x75, 0xef, 0xe5, 0x4, 0xf5, 0x0,

    /* U+21A8 "↨" */
    0x0, 0x0, 0x0, 0x5f, 0x60, 0x5e, 0xfe, 0x66,
    0x3f, 0x36, 0x1, 0xf1, 0x6, 0x2f, 0x36, 0x6e,
    0xfe, 0x62, 0x9f, 0x93, 0xef, 0xff, 0xf0,

    /* U+2219 "∙" */
    0x1, 0x41, 0x2, 0xef, 0xf4, 0x8f, 0xff, 0xb6,
    0xff, 0xf9, 0xa, 0xeb, 0x10,

    /* U+221A "√" */
    0x0, 0x0, 0x0, 0x1, 0x20, 0x0, 0x0, 0x0,
    0xa9, 0x0, 0x0, 0x0, 0xe, 0x10, 0x0, 0x0,
    0x4, 0xc0, 0x0, 0x0, 0x0, 0x97, 0x0, 0x0,
    0x0, 0xe, 0x20, 0x16, 0x70, 0x3, 0xd0, 0x5,
    0x9e, 0x0, 0x88, 0x0, 0x0, 0xc3, 0xd, 0x30,
    0x0, 0x8, 0x82, 0xe0, 0x0, 0x0, 0x3d, 0x79,
    0x0, 0x0, 0x0, 0xee, 0x40, 0x0, 0x0, 0x9,
    0xe0, 0x0, 0x0, 0x0, 0x35, 0x0, 0x0,

    /* U+221E "∞" */
    0x0, 0x10, 0x0, 0x10, 0x1, 0xde, 0xc0, 0xbe,
    0xd1, 0x87, 0xa, 0xca, 0x7, 0x8a, 0x30, 0x3f,
    0x30, 0x3b, 0x87, 0xa, 0xda, 0x7, 0x81, 0xde,
    0xc0, 0xbe, 0xd1, 0x0, 0x20, 0x0, 0x20, 0x0,

    /* U+221F "∟" */
    0x3, 0x0, 0x0, 0x0, 0x1, 0xf2, 0x0, 0x0,
    0x0, 0x1f, 0x20, 0x0, 0x0, 0x1, 0xf2, 0x0,
    0x0, 0x0, 0x1f, 0x20, 0x0, 0x0, 0x1, 0xf2,
    0x0, 0x0, 0x0, 0x1f, 0x64, 0x44, 0x44, 0x1,
    0xff, 0xff, 0xff, 0xf1,

    /* U+2229 "∩" */
    0x6, 0xbd, 0xb5, 0x6, 0xf9, 0x68, 0xf6, 0xc8,
    0x0, 0x8, 0xce, 0x50, 0x0, 0x6e, 0xe5, 0x0,
    0x5, 0xee, 0x50, 0x0, 0x5e, 0xe5, 0x0, 0x5,
    0xee, 0x50, 0x0, 0x5e, 0xc4, 0x0, 0x4, 0xc0,

    /* U+2248 "≈" */
    0x0, 0x0, 0x0, 0x0, 0x0, 0x9e, 0xfb, 0x53,
    0x68, 0x2a, 0x43, 0x8e, 0xfd, 0x30, 0x3, 0x40,
    0x0, 0x1, 0x1d, 0xff, 0xf9, 0x69, 0x91, 0x70,
    0x4, 0xad, 0x91,

    /* U+2261 "≡" */
    0x2f, 0xff, 0xff, 0xff, 0x90, 0x44, 0x44, 0x44,
    0x42, 0x4, 0x44, 0x44, 0x44, 0x22, 0xff, 0xff,
    0xff, 0xf9, 0x0, 0x0, 0x0, 0x0, 0x2, 0xee,
    0xee, 0xee, 0xe8, 0x6, 0x66, 0x66, 0x66, 0x30,

    /* U+2264 "≤" */
    0x0, 0x0, 0x0, 0x49, 0x80, 0x1, 0x5a, 0xff,
    0xb4, 0x1b, 0xfd, 0x94, 0x0, 0x1, 0xef, 0xb6,
    0x10, 0x0, 0x0, 0x38, 0xdf, 0xd8, 0x20, 0x0,
    0x0, 0x27, 0xc9, 0x4, 0x44, 0x44, 0x44, 0x22,
    0xff, 0xff, 0xff, 0xf9,

    /* U+2265 "≥" */
    0x2c, 0x72, 0x0, 0x0, 0x0, 0x9d, 0xfd, 0x83,
    0x0, 0x0, 0x2, 0x6b, 0xfe, 0x60, 0x0, 0x4,
    0x8d, 0xf7, 0x6, 0xaf, 0xfa, 0x50, 0x2, 0xe9,
    0x40, 0x0, 0x0, 0x4, 0x44, 0x44, 0x44, 0x22,
    0xff, 0xff, 0xff, 0xf9,

    /* U+2302 "⌂" */
    0x0, 0xa, 0x0, 0x0, 0xa, 0xda, 0x0, 0x7,
    0xb0, 0xb8, 0x5, 0xd1, 0x0, 0xd5, 0xe2, 0x0,
    0x2, 0xee, 0x0, 0x0, 0xe, 0xe0, 0x0, 0x0,
    0xee, 0x0, 0x0, 0xe, 0xee, 0xee, 0xee, 0xf0,

    /* U+2310 "⌐" */
    0x15, 0x55, 0x55, 0x55, 0x25, 0xff, 0xff, 0xff,
    0xf6, 0x5e, 0x0, 0x0, 0x0, 0x5, 0xe0, 0x0,
    0x0, 0x0, 0x14, 0x0, 0x0, 0x0, 0x0,

    /* U+2320 "⌠" */
    0x0, 0x1, 0x0, 0x0, 0xae, 0xd0, 0x6, 0x96,
    0xa0, 0xb, 0x70, 0x0, 0xf, 0x50, 0x0, 0x1f,
    0x40, 0x0, 0x2f, 0x40, 0x0, 0x3f, 0x30, 0x0,
    0x3f, 0x30, 0x0, 0x4f, 0x30, 0x0, 0x4f, 0x30,
    0x0, 0x4f, 0x30, 0x0, 0x4f, 0x30, 0x0, 0x4f,
    0x30, 0x0, 0x4f, 0x30, 0x0, 0x3f, 0x30, 0x0,

    /* U+2321 "⌡" */
    0x0, 0x1, 0x50, 0x0, 0x5, 0xf2, 0x0, 0x5,
    0xf2, 0x0, 0x5, 0xf2, 0x0, 0x5, 0xf2, 0x0,
    0x5, 0xf2, 0x0, 0x5, 0xf2, 0x0, 0x5, 0xf1,
    0x0, 0x5, 0xf1, 0x0, 0x5, 0xf1, 0x0, 0x6,
    0xf0, 0x0, 0x6, 0xe0, 0x0, 0x7, 0xc0, 0x1,
    0x9, 0x80, 0x1f, 0x8d, 0x20, 0x9, 0xb4, 0x0,

    /* U+2500 "─" */
    0x2f, 0xff, 0xff, 0xff, 0xff, 0x20, 0x44, 0x44,
    0x44, 0x44, 0x40,

    /* U+2501 "━" */
    0x18, 0x88, 0x88, 0x88, 0x88, 0x12, 0xff, 0xff,
    0xff, 0xff, 0xf2, 0x2f, 0xff, 0xff, 0xff, 0xff,
    0x20,

    /* U+2502 "│" */
    0x1d, 0x11, 0xf1, 0x1f, 0x11, 0xf1, 0x1f, 0x11,
    0xf1, 0x1f, 0x11, 0xf1, 0x1f, 0x11, 0xf1, 0x1f,
    0x11, 0xf1, 0x1f, 0x11, 0xf1, 0x1f, 0x11, 0xf1,
    0x1f, 0x11, 0xf1, 0x1f, 0x10, 0x50,

    /* U+2503 "┃" */
    0x5d, 0xb7, 0xfe, 0x7f, 0xe7, 0xfe, 0x7f, 0xe7,
    0xfe, 0x7f, 0xe7, 0xfe, 0x7f, 0xe7, 0xfe, 0x7f,
    0xe7, 0xfe, 0x7f, 0xe7, 0xfe, 0x7f, 0xe7, 0xfe,
    0x7f, 0xe7, 0xfe, 0x7f, 0xe2, 0x54,

    /* U+2504 "┄" */
    0x2f, 0xf1, 0x5f, 0xc0, 0x8f, 0xa0, 0x44, 0x1,
    0x43, 0x2, 0x43,

    /* U+2505 "┅" */
    0x18, 0x80, 0x28, 0x60, 0x48, 0x52, 0xff, 0x15,
    0xfd, 0x9, 0xfa, 0x2f, 0xf1, 0x5f, 0xd0, 0x9f,
    0xa0,

    /* U+2506 "┆" */
    0xa, 0x11, 0xf1, 0x1f, 0x11, 0xf1, 0x1f, 0x11,
    0xf1, 0x0, 0x0, 0xc1, 0x1f, 0x11, 0xf1, 0x1f,
    0x11, 0xf1, 0x4, 0x0, 0x0, 0x1f, 0x11, 0xf1,
    0x1f, 0x11, 0xf1, 0x1f, 0x10, 0xa1,

    /* U+2507 "┇" */
    0x4a, 0x97, 0xfe, 0x7f, 0xe7, 0xfe, 0x7f, 0xe7,
    0xfe, 0x0, 0x5, 0xcb, 0x7f, 0xe7, 0xfe, 0x7f,
    0xe7, 0xfe, 0x14, 0x40, 0x0, 0x7f, 0xe7, 0xfe,
    0x7f, 0xe7, 0xfe, 0x7f, 0xe4, 0xa9,

    /* U+2508 "┈" */
    0x2f, 0x35, 0xe0, 0xe5, 0x3f, 0x20, 0x41, 0x14,
    0x4, 0x10, 0x40,

    /* U+2509 "┉" */
    0x18, 0x13, 0x70, 0x73, 0x18, 0x12, 0xf3, 0x6e,
    0xe, 0x63, 0xf3, 0x2f, 0x36, 0xe0, 0xe6, 0x3f,
    0x30,

    /* U+250A "┊" */
    0x1d, 0x11, 0xf1, 0x1f, 0x11, 0xf1, 0x5, 0x0,
    0x20, 0x1f, 0x11, 0xf1, 0x1f, 0x10, 0x50, 0x6,
    0x1, 0xf1, 0x1f, 0x11, 0xf1, 0x1, 0x1, 0xd1,
    0x1f, 0x11, 0xf1, 0x1f, 0x10, 0x50,

    /* U+250B "┋" */
    0x5d, 0xb7, 0xfe, 0x7f, 0xe7, 0xfe, 0x25, 0x41,
    0x22, 0x7f, 0xe7, 0xfe, 0x7f, 0xe2, 0x54, 0x26,
    0x57, 0xfe, 0x7f, 0xe7, 0xfe, 0x1, 0x15, 0xdb,
    0x7f, 0xe7, 0xfe, 0x7f, 0xe2, 0x54,

    /* U+250C "┌" */
    0x1f, 0xff, 0xff, 0x21, 0xf5, 0x44, 0x40, 0x1f,
    0x10, 0x0, 0x1, 0xf1, 0x0, 0x0, 0x1f, 0x10,
    0x0, 0x1, 0xf1, 0x0, 0x0, 0x1f, 0x10, 0x0,
    0x1, 0xf1, 0x0, 0x0, 0x1f, 0x10, 0x0, 0x0,
    0x70, 0x0, 0x0,

    /* U+250D "┍" */
    0x8, 0x88, 0x88, 0x11, 0xff, 0xff, 0xf2, 0x1f,
    0xff, 0xff, 0x21, 0xf1, 0x0, 0x0, 0x1f, 0x10,
    0x0, 0x1, 0xf1, 0x0, 0x0, 0x1f, 0x10, 0x0,
    0x1, 0xf1, 0x0, 0x0, 0x1f, 0x10, 0x0, 0x1,
    0xf1, 0x0, 0x0, 0x8, 0x0, 0x0, 0x0,

    /* U+250E "┎" */
    0x6f, 0xff, 0xff, 0x57, 0xfe, 0x44, 0x41, 0x7f,
    0xe0, 0x0, 0x7, 0xfe, 0x0, 0x0, 0x7f, 0xe0,
    0x0, 0x7, 0xfe, 0x0, 0x0, 0x7f, 0xe0, 0x0,
    0x7, 0xfe, 0x0, 0x0, 0x7f, 0xe0, 0x0, 0x3,
    0x76, 0x0, 0x0,

    /* U+250F "┏" */
    0x38, 0x88, 0x88, 0x37, 0xff, 0xff, 0xf6, 0x7f,
    0xff, 0xff, 0x67, 0xfe, 0x0, 0x0, 0x7f, 0xe0,
    0x0, 0x7, 0xfe, 0x0, 0x0, 0x7f, 0xe0, 0x0,
    0x7, 0xfe, 0x0, 0x0, 0x7f, 0xe0, 0x0, 0x7,
    0xfe, 0x0, 0x0, 0x38, 0x70, 0x0, 0x0,

    /* U+2510 "┐" */
    0x2f, 0xff, 0xff, 0x10, 0x44, 0x45, 0xf1, 0x0,
    0x0, 0x1f, 0x10, 0x0, 0x1, 0xf1, 0x0, 0x0,
    0x1f, 0x10, 0x0, 0x1, 0xf1, 0x0, 0x0, 0x1f,
    0x10, 0x0, 0x1, 0xf1, 0x0, 0x0, 0x1f, 0x10,
    0x0, 0x0, 0x70,

    /* U+2511 "┑" */
    0x18, 0x88, 0x88, 0x2, 0xff, 0xff, 0xf1, 0x2f,
    0xff, 0xff, 0x10, 0x0, 0x1, 0xf1, 0x0, 0x0,
    0x1f, 0x10, 0x0, 0x1, 0xf1, 0x0, 0x0, 0x1f,
    0x10, 0x0, 0x1, 0xf1, 0x0, 0x0, 0x1f, 0x10,
    0x0, 0x1, 0xf1, 0x0, 0x0, 0x8, 0x0,

    /* U+2512 "┒" */
    0xef, 0xff, 0xfd, 0x44, 0x49, 0xfe, 0x0, 0x7,
    0xfe, 0x0, 0x7, 0xfe, 0x0, 0x7, 0xfe, 0x0,
    0x7, 0xfe, 0x0, 0x7, 0xfe, 0x0, 0x7, 0xfe,
    0x0, 0x7, 0xfe, 0x0, 0x3, 0x76,

    /* U+2513 "┓" */
    0x78, 0x88, 0x87, 0xef, 0xff, 0xfe, 0xef, 0xff,
    0xfe, 0x0, 0x7, 0xfe, 0x0, 0x7, 0xfe, 0x0,
    0x7, 0xfe, 0x0, 0x7, 0xfe, 0x0, 0x7, 0xfe,
    0x0, 0x7, 0xfe, 0x0, 0x7, 0xfe, 0x0, 0x3,
    0x87,

    /* U+2514 "└" */
    0xa, 0x0, 0x0, 0x1, 0xf1, 0x0, 0x0, 0x1f,
    0x10, 0x0, 0x1, 0xf1, 0x0, 0x0, 0x1f, 0x10,
    0x0, 0x1, 0xf1, 0x0, 0x0, 0x1f, 0x10, 0x0,
    0x1, 0xf1, 0x0, 0x0, 0x1f, 0x10, 0x0, 0x1,
    0xf1, 0x0, 0x0, 0x1f, 0xff, 0xff, 0x20, 0x44,
    0x44, 0x40,

    /* U+2515 "┕" */
    0x9, 0x0, 0x0, 0x1, 0xf1, 0x0, 0x0, 0x1f,
    0x10, 0x0, 0x1, 0xf1, 0x0, 0x0, 0x1f, 0x10,
    0x0, 0x1, 0xf1, 0x0, 0x0, 0x1f, 0x10, 0x0,
    0x1, 0xf1, 0x0, 0x0, 0x1f, 0x10, 0x0, 0x1,
    0xf8, 0x88, 0x81, 0x1f, 0xff, 0xff, 0x21, 0xff,
    0xff, 0xf2,

    /* U+2516 "┖" */
    0x4a, 0x90, 0x0, 0x7, 0xfe, 0x0, 0x0, 0x7f,
    0xe0, 0x0, 0x7, 0xfe, 0x0, 0x0, 0x7f, 0xe0,
    0x0, 0x7, 0xfe, 0x0, 0x0, 0x7f, 0xe0, 0x0,
    0x7, 0xfe, 0x0, 0x0, 0x7f, 0xe0, 0x0, 0x7,
    0xfe, 0x0, 0x0, 0x7f, 0xff, 0xff, 0x52, 0x44,
    0x44, 0x41,

    /* U+2517 "┗" */
    0x49, 0x80, 0x0, 0x7, 0xfe, 0x0, 0x0, 0x7f,
    0xe0, 0x0, 0x7, 0xfe, 0x0, 0x0, 0x7f, 0xe0,
    0x0, 0x7, 0xfe, 0x0, 0x0, 0x7f, 0xe0, 0x0,
    0x7, 0xfe, 0x0, 0x0, 0x7f, 0xe0, 0x0, 0x7,
    0xff, 0x88, 0x83, 0x7f, 0xff, 0xff, 0x67, 0xff,
    0xff, 0xf6,

    /* U+2518 "┘" */
    0x0, 0x0, 0xa, 0x0, 0x0, 0x1, 0xf1, 0x0,
    0x0, 0x1f, 0x10, 0x0, 0x1, 0xf1, 0x0, 0x0,
    0x1f, 0x10, 0x0, 0x1, 0xf1, 0x0, 0x0, 0x1f,
    0x10, 0x0, 0x1, 0xf1, 0x0, 0x0, 0x1f, 0x10,
    0x0, 0x1, 0xf1, 0x2f, 0xff, 0xff, 0x10, 0x44,
    0x44, 0x40,

    /* U+2519 "┙" */
    0x0, 0x0, 0x9, 0x0, 0x0, 0x1, 0xf1, 0x0,
    0x0, 0x1f, 0x10, 0x0, 0x1, 0xf1, 0x0, 0x0,
    0x1f, 0x10, 0x0, 0x1, 0xf1, 0x0, 0x0, 0x1f,
    0x10, 0x0, 0x1, 0xf1, 0x0, 0x0, 0x1f, 0x11,
    0x88, 0x88, 0xf1, 0x2f, 0xff, 0xff, 0x12, 0xff,
    0xff, 0xf1,

    /* U+251A "┚" */
    0x0, 0x4, 0xa9, 0x0, 0x7, 0xfe, 0x0, 0x7,
    0xfe, 0x0, 0x7, 0xfe, 0x0, 0x7, 0xfe, 0x0,
    0x7, 0xfe, 0x0, 0x7, 0xfe, 0x0, 0x7, 0xfe,
    0x0, 0x7, 0xfe, 0x0, 0x7, 0xfe, 0xef, 0xff,
    0xfe, 0x44, 0x44, 0x44,

    /* U+251B "┛" */
    0x0, 0x4, 0x98, 0x0, 0x7, 0xfe, 0x0, 0x7,
    0xfe, 0x0, 0x7, 0xfe, 0x0, 0x7, 0xfe, 0x0,
    0x7, 0xfe, 0x0, 0x7, 0xfe, 0x0, 0x7, 0xfe,
    0x0, 0x7, 0xfe, 0x78, 0x8b, 0xfe, 0xef, 0xff,
    0xfe, 0xef, 0xff, 0xfe,

    /* U+251C "├" */
    0x1d, 0x10, 0x0, 0x1, 0xf1, 0x0, 0x0, 0x1f,
    0x10, 0x0, 0x1, 0xf1, 0x0, 0x0, 0x1f, 0x10,
    0x0, 0x1, 0xf1, 0x0, 0x0, 0x1f, 0x10, 0x0,
    0x1, 0xf1, 0x0, 0x0, 0x1f, 0x10, 0x0, 0x1,
    0xf3, 0x11, 0x10, 0x1f, 0xff, 0xff, 0x21, 0xf3,
    0x22, 0x20, 0x1f, 0x10, 0x0, 0x1, 0xf1, 0x0,
    0x0, 0x1f, 0x10, 0x0, 0x1, 0xf1, 0x0, 0x0,
    0x1f, 0x10, 0x0, 0x1, 0xf1, 0x0, 0x0, 0x1f,
    0x10, 0x0, 0x0, 0x50, 0x0, 0x0,

    /* U+251D "┝" */
    0x1d, 0x10, 0x0, 0x1, 0xf1, 0x0, 0x0, 0x1f,
    0x10, 0x0, 0x1, 0xf1, 0x0, 0x0, 0x1f, 0x10,
    0x0, 0x1, 0xf1, 0x0, 0x0, 0x1f, 0x10, 0x0,
    0x1, 0xf1, 0x0, 0x0, 0x1f, 0x10, 0x0, 0x1,
    0xfc, 0xbb, 0xb2, 0x1f, 0xff, 0xff, 0x21, 0xfc,
    0xcc, 0xc2, 0x1f, 0x10, 0x0, 0x1, 0xf1, 0x0,
    0x0, 0x1f, 0x10, 0x0, 0x1, 0xf1, 0x0, 0x0,
    0x1f, 0x10, 0x0, 0x1, 0xf1, 0x0, 0x0, 0x1f,
    0x10, 0x0, 0x0, 0x50, 0x0, 0x0,

    /* U+251E "┞" */
    0x5d, 0xb0, 0x0, 0x7, 0xfe, 0x0, 0x0, 0x7f,
    0xe0, 0x0, 0x7, 0xfe, 0x0, 0x0, 0x7f, 0xe0,
    0x0, 0x7, 0xfe, 0x0, 0x0, 0x7f, 0xe0, 0x0,
    0x7, 0xfe, 0x0, 0x0, 0x7f, 0xe0, 0x0, 0x7,
    0xfe, 0x22, 0x20, 0x7f, 0xff, 0xff, 0x60, 0xd6,
    0x22, 0x20, 0xd, 0x50, 0x0, 0x0, 0xd5, 0x0,
    0x0, 0xd, 0x50, 0x0, 0x0, 0xd5, 0x0, 0x0,
    0xd, 0x50, 0x0, 0x0, 0xd5, 0x0, 0x0, 0xd,
    0x50, 0x0, 0x0, 0x41, 0x0, 0x0,

    /* U+251F "┟" */
    0x8, 0x30, 0x0, 0x0, 0xd5, 0x0, 0x0, 0xd,
    0x50, 0x0, 0x0, 0xd5, 0x0, 0x0, 0xd, 0x50,
    0x0, 0x0, 0xd5, 0x0, 0x0, 0xd, 0x50, 0x0,
    0x0, 0xd5, 0x0, 0x0, 0xd, 0x50, 0x0, 0x0,
    0xd5, 0x0, 0x0, 0x6f, 0xff, 0xff, 0x57, 0xfe,
    0x55, 0x51, 0x7f, 0xe0, 0x0, 0x7, 0xfe, 0x0,
    0x0, 0x7f, 0xe0, 0x0, 0x7, 0xfe, 0x0, 0x0,
    0x7f, 0xe0, 0x0, 0x7, 0xfe, 0x0, 0x0, 0x7f,
    0xe0, 0x0, 0x3, 0x76, 0x0, 0x0,

    /* U+2520 "┠" */
    0x5d, 0xb0, 0x0, 0x7, 0xfe, 0x0, 0x0, 0x7f,
    0xe0, 0x0, 0x7, 0xfe, 0x0, 0x0, 0x7f, 0xe0,
    0x0, 0x7, 0xfe, 0x0, 0x0, 0x7f, 0xe0, 0x0,
    0x7, 0xfe, 0x0, 0x0, 0x7f, 0xe0, 0x0, 0x7,
    0xfe, 0x11, 0x10, 0x7f, 0xff, 0xff, 0x67, 0xfe,
    0x22, 0x20, 0x7f, 0xe0, 0x0, 0x7, 0xfe, 0x0,
    0x0, 0x7f, 0xe0, 0x0, 0x7, 0xfe, 0x0, 0x0,
    0x7f, 0xe0, 0x0, 0x7, 0xfe, 0x0, 0x0, 0x7f,
    0xe0, 0x0, 0x2, 0x54, 0x0, 0x0,

    /* U+2521 "┡" */
    0x49, 0x80, 0x0, 0x7, 0xfe, 0x0, 0x0, 0x7f,
    0xe0, 0x0, 0x7, 0xfe, 0x0, 0x0, 0x7f, 0xe0,
    0x0, 0x7, 0xfe, 0x0, 0x0, 0x7f, 0xe0, 0x0,
    0x7, 0xfe, 0x0, 0x0, 0x7f, 0xe0, 0x0, 0x7,
    0xff, 0x88, 0x83, 0x7f, 0xff, 0xff, 0x67, 0xff,
    0xff, 0xf6, 0xd, 0x50, 0x0, 0x0, 0xd5, 0x0,
    0x0, 0xd, 0x50, 0x0, 0x0, 0xd5, 0x0, 0x0,
    0xd, 0x50, 0x0, 0x0, 0xd5, 0x0, 0x0, 0xd,
    0x50, 0x0, 0x0, 0x72, 0x0, 0x0,

    /* U+2522 "┢" */
    0x8, 0x30, 0x0, 0x0, 0xd5, 0x0, 0x0, 0xd,
    0x50, 0x0, 0x0, 0xd5, 0x0, 0x0, 0xd, 0x50,
    0x0, 0x0, 0xd5, 0x0, 0x0, 0xd, 0x50, 0x0,
    0x0, 0xd5, 0x0, 0x0, 0xd, 0x50, 0x0, 0x3,
    0xea, 0x88, 0x83, 0x7f, 0xff, 0xff, 0x67, 0xff,
    0xff, 0xf6, 0x7f, 0xe0, 0x0, 0x7, 0xfe, 0x0,
    0x0, 0x7f, 0xe0, 0x0, 0x7, 0xfe, 0x0, 0x0,
    0x7f, 0xe0, 0x0, 0x7, 0xfe, 0x0, 0x0, 0x7f,
    0xe0, 0x0, 0x3, 0x87, 0x0, 0x0,

    /* U+2523 "┣" */
    0x5d, 0xb0, 0x0, 0x7, 0xfe, 0x0, 0x0, 0x7f,
    0xe0, 0x0, 0x7, 0xfe, 0x0, 0x0, 0x7f, 0xe0,
    0x0, 0x7, 0xfe, 0x0, 0x0, 0x7f, 0xe0, 0x0,
    0x7, 0xfe, 0x0, 0x0, 0x7f, 0xe0, 0x0, 0x7,
    0xff, 0xbb, 0xb4, 0x7f, 0xff, 0xff, 0x67, 0xff,
    0xcc, 0xc4, 0x7f, 0xe0, 0x0, 0x7, 0xfe, 0x0,
    0x0, 0x7f, 0xe0, 0x0, 0x7, 0xfe, 0x0, 0x0,
    0x7f, 0xe0, 0x0, 0x7, 0xfe, 0x0, 0x0, 0x7f,
    0xe0, 0x0, 0x2, 0x54, 0x0, 0x0,

    /* U+2524 "┤" */
    0x0, 0x0, 0x1d, 0x10, 0x0, 0x1, 0xf1, 0x0,
    0x0, 0x1f, 0x10, 0x0, 0x1, 0xf1, 0x0, 0x0,
    0x1f, 0x10, 0x0, 0x1, 0xf1, 0x0, 0x0, 0x1f,
    0x10, 0x0, 0x1, 0xf1, 0x0, 0x0, 0x1f, 0x10,
    0x11, 0x12, 0xf1, 0x2f, 0xff, 0xff, 0x10, 0x22,
    0x23, 0xf1, 0x0, 0x0, 0x1f, 0x10, 0x0, 0x1,
    0xf1, 0x0, 0x0, 0x1f, 0x10, 0x0, 0x1, 0xf1,
    0x0, 0x0, 0x1f, 0x10, 0x0, 0x1, 0xf1, 0x0,
    0x0, 0x1f, 0x10, 0x0, 0x0, 0x50,

    /* U+2525 "┥" */
    0x0, 0x0, 0x1d, 0x10, 0x0, 0x1, 0xf1, 0x0,
    0x0, 0x1f, 0x10, 0x0, 0x1, 0xf1, 0x0, 0x0,
    0x1f, 0x10, 0x0, 0x1, 0xf1, 0x0, 0x0, 0x1f,
    0x10, 0x0, 0x1, 0xf1, 0x0, 0x0, 0x1f, 0x11,
    0xbb, 0xbc, 0xf1, 0x2f, 0xff, 0xff, 0x11, 0xcc,
    0xcc, 0xf1, 0x0, 0x0, 0x1f, 0x10, 0x0, 0x1,
    0xf1, 0x0, 0x0, 0x1f, 0x10, 0x0, 0x1, 0xf1,
    0x0, 0x0, 0x1f, 0x10, 0x0, 0x1, 0xf1, 0x0,
    0x0, 0x1f, 0x10, 0x0, 0x0, 0x50,

    /* U+2526 "┦" */
    0x0, 0x4, 0xa9, 0x0, 0x7, 0xfe, 0x0, 0x7,
    0xfe, 0x0, 0x7, 0xfe, 0x0, 0x7, 0xfe, 0x0,
    0x7, 0xfe, 0x0, 0x7, 0xfe, 0x0, 0x7, 0xfe,
    0x0, 0x7, 0xfe, 0x0, 0x7, 0xfe, 0xef, 0xff,
    0xfe, 0x44, 0x44, 0xe7, 0x0, 0x0, 0xd5, 0x0,
    0x0, 0xd5, 0x0, 0x0, 0xd5, 0x0, 0x0, 0xd5,
    0x0, 0x0, 0xd5, 0x0, 0x0, 0xd5, 0x0, 0x0,
    0xd5, 0x0, 0x0, 0x62,

    /* U+2527 "┧" */
    0x0, 0x0, 0x83, 0x0, 0x0, 0xd5, 0x0, 0x0,
    0xd5, 0x0, 0x0, 0xd5, 0x0, 0x0, 0xd5, 0x0,
    0x0, 0xd5, 0x0, 0x0, 0xd5, 0x0, 0x0, 0xd5,
    0x0, 0x0, 0xd5, 0x0, 0x0, 0xd5, 0xef, 0xff,
    0xfe, 0x44, 0x49, 0xfe, 0x0, 0x7, 0xfe, 0x0,
    0x7, 0xfe, 0x0, 0x7, 0xfe, 0x0, 0x7, 0xfe,
    0x0, 0x7, 0xfe, 0x0, 0x7, 0xfe, 0x0, 0x7,
    0xfe, 0x0, 0x3, 0x76,

    /* U+2528 "┨" */
    0x0, 0x5, 0xdb, 0x0, 0x7, 0xfe, 0x0, 0x7,
    0xfe, 0x0, 0x7, 0xfe, 0x0, 0x7, 0xfe, 0x0,
    0x7, 0xfe, 0x0, 0x7, 0xfe, 0x0, 0x7, 0xfe,
    0x0, 0x7, 0xfe, 0x11, 0x17, 0xfe, 0xef, 0xff,
    0xfe, 0x22, 0x28, 0xfe, 0x0, 0x7, 0xfe, 0x0,
    0x7, 0xfe, 0x0, 0x7, 0xfe, 0x0, 0x7, 0xfe,
    0x0, 0x7, 0xfe, 0x0, 0x7, 0xfe, 0x0, 0x7,
    0xfe, 0x0, 0x2, 0x54,

    /* U+2529 "┩" */
    0x0, 0x4, 0x98, 0x0, 0x7, 0xfe, 0x0, 0x7,
    0xfe, 0x0, 0x7, 0xfe, 0x0, 0x7, 0xfe, 0x0,
    0x7, 0xfe, 0x0, 0x7, 0xfe, 0x0, 0x7, 0xfe,
    0x0, 0x7, 0xfe, 0x78, 0x8b, 0xfe, 0xef, 0xff,
    0xfe, 0xef, 0xff, 0xfe, 0x0, 0x0, 0xd5, 0x0,
    0x0, 0xd5, 0x0, 0x0, 0xd5, 0x0, 0x0, 0xd5,
    0x0, 0x0, 0xd5, 0x0, 0x0, 0xd5, 0x0, 0x0,
    0xd5, 0x0, 0x0, 0x72,

    /* U+252A "┪" */
    0x0, 0x0, 0x83, 0x0, 0x0, 0xd5, 0x0, 0x0,
    0xd5, 0x0, 0x0, 0xd5, 0x0, 0x0, 0xd5, 0x0,
    0x0, 0xd5, 0x0, 0x0, 0xd5, 0x0, 0x0, 0xd5,
    0x0, 0x0, 0xd5, 0x78, 0x88, 0xea, 0xef, 0xff,
    0xfe, 0xef, 0xff, 0xfe, 0x0, 0x7, 0xfe, 0x0,
    0x7, 0xfe, 0x0, 0x7, 0xfe, 0x0, 0x7, 0xfe,
    0x0, 0x7, 0xfe, 0x0, 0x7, 0xfe, 0x0, 0x7,
    0xfe, 0x0, 0x3, 0x87,

    /* U+252B "┫" */
    0x0, 0x5, 0xdb, 0x0, 0x7, 0xfe, 0x0, 0x7,
    0xfe, 0x0, 0x7, 0xfe, 0x0, 0x7, 0xfe, 0x0,
    0x7, 0xfe, 0x0, 0x7, 0xfe, 0x0, 0x7, 0xfe,
    0x0, 0x7, 0xfe, 0xab, 0xbd, 0xfe, 0xef, 0xff,
    0xfe, 0xbc, 0xce, 0xfe, 0x0, 0x7, 0xfe, 0x0,
    0x7, 0xfe, 0x0, 0x7, 0xfe, 0x0, 0x7, 0xfe,
    0x0, 0x7, 0xfe, 0x0, 0x7, 0xfe, 0x0, 0x7,
    0xfe, 0x0, 0x2, 0x54,

    /* U+252C "┬" */
    0x2f, 0xff, 0xff, 0xff, 0xff, 0x20, 0x44, 0x45,
    0xf5, 0x44, 0x40, 0x0, 0x0, 0x1f, 0x10, 0x0,
    0x0, 0x0, 0x1, 0xf1, 0x0, 0x0, 0x0, 0x0,
    0x1f, 0x10, 0x0, 0x0, 0x0, 0x1, 0xf1, 0x0,
    0x0, 0x0, 0x0, 0x1f, 0x10, 0x0, 0x0, 0x0,
    0x1, 0xf1, 0x0, 0x0, 0x0, 0x0, 0x1f, 0x10,
    0x0, 0x0, 0x0, 0x0, 0x70, 0x0, 0x0,

    /* U+252D "┭" */
    0x18, 0x88, 0x88, 0x0, 0x0, 0x2, 0xff, 0xff,
    0xfe, 0xee, 0xe2, 0x2f, 0xff, 0xff, 0x66, 0x66,
    0x10, 0x0, 0x1, 0xf1, 0x0, 0x0, 0x0, 0x0,
    0x1f, 0x10, 0x0, 0x0, 0x0, 0x1, 0xf1, 0x0,
    0x0, 0x0, 0x0, 0x1f, 0x10, 0x0, 0x0, 0x0,
    0x1, 0xf1, 0x0, 0x0, 0x0, 0x0, 0x1f, 0x10,
    0x0, 0x0, 0x0, 0x1, 0xf1, 0x0, 0x0, 0x0,
    0x0, 0x8, 0x0, 0x0, 0x0,

    /* U+252E "┮" */
    0x0, 0x0, 0x8, 0x88, 0x88, 0x12, 0xee, 0xee,
    0xff, 0xff, 0xf2, 0x6, 0x66, 0x6f, 0xff, 0xff,
    0x20, 0x0, 0x1, 0xf1, 0x0, 0x0, 0x0, 0x0,
    0x1f, 0x10, 0x0, 0x0, 0x0, 0x1, 0xf1, 0x0,
    0x0, 0x0, 0x0, 0x1f, 0x10, 0x0, 0x0, 0x0,
    0x1, 0xf1, 0x0, 0x0, 0x0, 0x0, 0x1f, 0x10,
    0x0, 0x0, 0x0, 0x1, 0xf1, 0x0, 0x0, 0x0,
    0x0, 0x8, 0x0, 0x0, 0x0,

    /* U+252F "┯" */
    0x18, 0x88, 0x88, 0x88, 0x88, 0x12, 0xff, 0xff,
    0xff, 0xff, 0xf2, 0x2f, 0xff, 0xff, 0xff, 0xff,
    0x20, 0x0, 0x1, 0xf1, 0x0, 0x0, 0x0, 0x0,
    0x1f, 0x10, 0x0, 0x0, 0x0, 0x1, 0xf1, 0x0,
    0x0, 0x0, 0x0, 0x1f, 0x10, 0x0, 0x0, 0x0,
    0x1, 0xf1, 0x0, 0x0, 0x0, 0x0, 0x1f, 0x10,
    0x0, 0x0, 0x0, 0x1, 0xf1, 0x0, 0x0, 0x0,
    0x0, 0x8, 0x0, 0x0, 0x0,

    /* U+2530 "┰" */
    0xef, 0xff, 0xff, 0xff, 0xf5, 0x44, 0x49, 0xfe,
    0x44, 0x41, 0x0, 0x7, 0xfe, 0x0, 0x0, 0x0,
    0x7, 0xfe, 0x0, 0x0, 0x0, 0x7, 0xfe, 0x0,
    0x0, 0x0, 0x7, 0xfe, 0x0, 0x0, 0x0, 0x7,
    0xfe, 0x0, 0x0, 0x0, 0x7, 0xfe, 0x0, 0x0,
    0x0, 0x7, 0xfe, 0x0, 0x0, 0x0, 0x3, 0x76,
    0x0, 0x0,

    /* U+2531 "┱" */
    0x78, 0x88, 0x87, 0x0, 0x0, 0xef, 0xff, 0xff,
    0xee, 0xe5, 0xef, 0xff, 0xff, 0x66, 0x62, 0x0,
    0x7, 0xfe, 0x0, 0x0, 0x0, 0x7, 0xfe, 0x0,
    0x0, 0x0, 0x7, 0xfe, 0x0, 0x0, 0x0, 0x7,
    0xfe, 0x0, 0x0, 0x0, 0x7, 0xfe, 0x0, 0x0,
    0x0, 0x7, 0xfe, 0x0, 0x0, 0x0, 0x7, 0xfe,
    0x0, 0x0, 0x0, 0x3, 0x87, 0x0, 0x0,

    /* U+2532 "┲" */
    0x0, 0x3, 0x88, 0x88, 0x83, 0xde, 0xef, 0xff,
    0xff, 0xf6, 0x56, 0x6a, 0xff, 0xff, 0xf6, 0x0,
    0x7, 0xfe, 0x0, 0x0, 0x0, 0x7, 0xfe, 0x0,
    0x0, 0x0, 0x7, 0xfe, 0x0, 0x0, 0x0, 0x7,
    0xfe, 0x0, 0x0, 0x0, 0x7, 0xfe, 0x0, 0x0,
    0x0, 0x7, 0xfe, 0x0, 0x0, 0x0, 0x7, 0xfe,
    0x0, 0x0, 0x0, 0x3, 0x87, 0x0, 0x0,

    /* U+2533 "┳" */
    0x18, 0x88, 0x88, 0x88, 0x88, 0x12, 0xff, 0xff,
    0xff, 0xff, 0xf2, 0x2f, 0xff, 0xff, 0xff, 0xff,
    0x20, 0x0, 0xa, 0xfb, 0x0, 0x0, 0x0, 0x0,
    0xaf, 0xb0, 0x0, 0x0, 0x0, 0xa, 0xfb, 0x0,
    0x0, 0x0, 0x0, 0xaf, 0xb0, 0x0, 0x0, 0x0,
    0xa, 0xfb, 0x0, 0x0, 0x0, 0x0, 0xaf, 0xb0,
    0x0, 0x0, 0x0, 0xa, 0xfb, 0x0, 0x0, 0x0,
    0x0, 0x58, 0x50, 0x0, 0x0,

    /* U+2534 "┴" */
    0x0, 0x0, 0xa, 0x0, 0x0, 0x0, 0x0, 0x1,
    0xf1, 0x0, 0x0, 0x0, 0x0, 0x1f, 0x10, 0x0,
    0x0, 0x0, 0x1, 0xf1, 0x0, 0x0, 0x0, 0x0,
    0x1f, 0x10, 0x0, 0x0, 0x0, 0x1, 0xf1, 0x0,
    0x0, 0x0, 0x0, 0x1f, 0x10, 0x0, 0x0, 0x0,
    0x1, 0xf1, 0x0, 0x0, 0x0, 0x0, 0x1f, 0x10,
    0x0, 0x0, 0x0, 0x1, 0xf1, 0x0, 0x0, 0x2f,
    0xff, 0xff, 0xff, 0xff, 0x20, 0x44, 0x44, 0x44,
    0x44, 0x40,

    /* U+2535 "┵" */
    0x0, 0x0, 0x9, 0x0, 0x0, 0x0, 0x0, 0x1,
    0xf1, 0x0, 0x0, 0x0, 0x0, 0x1f, 0x10, 0x0,
    0x0, 0x0, 0x1, 0xf1, 0x0, 0x0, 0x0, 0x0,
    0x1f, 0x10, 0x0, 0x0, 0x0, 0x1, 0xf1, 0x0,
    0x0, 0x0, 0x0, 0x1f, 0x10, 0x0, 0x0, 0x0,
    0x1, 0xf1, 0x0, 0x0, 0x0, 0x0, 0x1f, 0x10,
    0x0, 0x1, 0x88, 0x88, 0xf1, 0x0, 0x0, 0x2f,
    0xff, 0xff, 0xee, 0xee, 0x22, 0xff, 0xff, 0xf6,
    0x66, 0x61,

    /* U+2536 "┶" */
    0x0, 0x0, 0x9, 0x0, 0x0, 0x0, 0x0, 0x1,
    0xf1, 0x0, 0x0, 0x0, 0x0, 0x1f, 0x10, 0x0,
    0x0, 0x0, 0x1, 0xf1, 0x0, 0x0, 0x0, 0x0,
    0x1f, 0x10, 0x0, 0x0, 0x0, 0x1, 0xf1, 0x0,
    0x0, 0x0, 0x0, 0x1f, 0x10, 0x0, 0x0, 0x0,
    0x1, 0xf1, 0x0, 0x0, 0x0, 0x0, 0x1f, 0x10,
    0x0, 0x0, 0x0, 0x1, 0xf8, 0x88, 0x81, 0x2e,
    0xee, 0xef, 0xff, 0xff, 0x20, 0x66, 0x66, 0xff,
    0xff, 0xf2,

    /* U+2537 "┷" */
    0x0, 0x0, 0x9, 0x0, 0x0, 0x0, 0x0, 0x1,
    0xf1, 0x0, 0x0, 0x0, 0x0, 0x1f, 0x10, 0x0,
    0x0, 0x0, 0x1, 0xf1, 0x0, 0x0, 0x0, 0x0,
    0x1f, 0x10, 0x0, 0x0, 0x0, 0x1, 0xf1, 0x0,
    0x0, 0x0, 0x0, 0x1f, 0x10, 0x0, 0x0, 0x0,
    0x1, 0xf1, 0x0, 0x0, 0x0, 0x0, 0x1f, 0x10,
    0x0, 0x1, 0x88, 0x88, 0xf8, 0x88, 0x81, 0x2f,
    0xff, 0xff, 0xff, 0xff, 0x22, 0xff, 0xff, 0xff,
    0xff, 0xf2,

    /* U+2538 "┸" */
    0x0, 0x4, 0xa9, 0x0, 0x0, 0x0, 0x7, 0xfe,
    0x0, 0x0, 0x0, 0x7, 0xfe, 0x0, 0x0, 0x0,
    0x7, 0xfe, 0x0, 0x0, 0x0, 0x7, 0xfe, 0x0,
    0x0, 0x0, 0x7, 0xfe, 0x0, 0x0, 0x0, 0x7,
    0xfe, 0x0, 0x0, 0x0, 0x7, 0xfe, 0x0, 0x0,
    0x0, 0x7, 0xfe, 0x0, 0x0, 0x0, 0x7, 0xfe,
    0x0, 0x0, 0xef, 0xff, 0xff, 0xff, 0xf5, 0x44,
    0x44, 0x44, 0x44, 0x41,

    /* U+2539 "┹" */
    0x0, 0x4, 0x98, 0x0, 0x0, 0x0, 0x7, 0xfe,
    0x0, 0x0, 0x0, 0x7, 0xfe, 0x0, 0x0, 0x0,
    0x7, 0xfe, 0x0, 0x0, 0x0, 0x7, 0xfe, 0x0,
    0x0, 0x0, 0x7, 0xfe, 0x0, 0x0, 0x0, 0x7,
    0xfe, 0x0, 0x0, 0x0, 0x7, 0xfe, 0x0, 0x0,
    0x0, 0x7, 0xfe, 0x0, 0x0, 0x78, 0x8b, 0xfe,
    0x0, 0x0, 0xef, 0xff, 0xff, 0xee, 0xe5, 0xef,
    0xff, 0xff, 0x66, 0x62,

    /* U+253A "┺" */
    0x0, 0x4, 0x98, 0x0, 0x0, 0x0, 0x7, 0xfe,
    0x0, 0x0, 0x0, 0x7, 0xfe, 0x0, 0x0, 0x0,
    0x7, 0xfe, 0x0, 0x0, 0x0, 0x7, 0xfe, 0x0,
    0x0, 0x0, 0x7, 0xfe, 0x0, 0x0, 0x0, 0x7,
    0xfe, 0x0, 0x0, 0x0, 0x7, 0xfe, 0x0, 0x0,
    0x0, 0x7, 0xfe, 0x0, 0x0, 0x0, 0x7, 0xff,
    0x88, 0x83, 0xde, 0xef, 0xff, 0xff, 0xf6, 0x56,
    0x6a, 0xff, 0xff, 0xf6,

    /* U+253B "┻" */
    0x0, 0x4, 0x98, 0x0, 0x0, 0x0, 0x7, 0xfe,
    0x0, 0x0, 0x0, 0x7, 0xfe, 0x0, 0x0, 0x0,
    0x7, 0xfe, 0x0, 0x0, 0x0, 0x7, 0xfe, 0x0,
    0x0, 0x0, 0x7, 0xfe, 0x0, 0x0, 0x0, 0x7,
    0xfe, 0x0, 0x0, 0x0, 0x7, 0xfe, 0x0, 0x0,
    0x0, 0x7, 0xfe, 0x0, 0x0, 0x78, 0x8b, 0xff,
    0x88, 0x83, 0xef, 0xff, 0xff, 0xff, 0xf6, 0xef,
    0xff, 0xff, 0xff, 0xf6,

    /* U+253C "┼" */
    0x0, 0x0, 0x1d, 0x10, 0x0, 0x0, 0x0, 0x1,
    0xf1, 0x0, 0x0, 0x0, 0x0, 0x1f, 0x10, 0x0,
    0x0, 0x0, 0x1, 0xf1, 0x0, 0x0, 0x0, 0x0,
    0x1f, 0x10, 0x0, 0x0, 0x0, 0x1, 0xf1, 0x0,
    0x0, 0x0, 0x0, 0x1f, 0x10, 0x0, 0x0, 0x0,
    0x1, 0xf1, 0x0, 0x0, 0x0, 0x0, 0x1f, 0x10,
    0x0, 0x0, 0x11, 0x12, 0xf3, 0x11, 0x10, 0x2f,
    0xff, 0xff, 0xff, 0xff, 0x20, 0x22, 0x23, 0xf3,
    0x22, 0x20, 0x0, 0x0, 0x1f, 0x10, 0x0, 0x0,
    0x0, 0x1, 0xf1, 0x0, 0x0, 0x0, 0x0, 0x1f,
    0x10, 0x0, 0x0, 0x0, 0x1, 0xf1, 0x0, 0x0,
    0x0, 0x0, 0x1f, 0x10, 0x0, 0x0, 0x0, 0x1,
    0xf1, 0x0, 0x0, 0x0, 0x0, 0x1f, 0x10, 0x0,
    0x0, 0x0, 0x0, 0x50, 0x0, 0x0,

    /* U+253D "┽" */
    0x0, 0x0, 0x1d, 0x10, 0x0, 0x0, 0x0, 0x1,
    0xf1, 0x0, 0x0, 0x0, 0x0, 0x1f, 0x10, 0x0,
    0x0, 0x0, 0x1, 0xf1, 0x0, 0x0, 0x0, 0x0,
    0x1f, 0x10, 0x0, 0x0, 0x0, 0x1, 0xf1, 0x0,
    0x0, 0x0, 0x0, 0x1f, 0x10, 0x0, 0x0, 0x0,
    0x1, 0xf1, 0x0, 0x0, 0x0, 0x0, 0x1f, 0x10,
    0x0, 0x1, 0xbb, 0xbc, 0xf3, 0x11, 0x10, 0x2f,
    0xff, 0xff, 0xff, 0xff, 0x21, 0xcc, 0xcc, 0xf3,
    0x22, 0x20, 0x0, 0x0, 0x1f, 0x10, 0x0, 0x0,
    0x0, 0x1, 0xf1, 0x0, 0x0, 0x0, 0x0, 0x1f,
    0x10, 0x0, 0x0, 0x0, 0x1, 0xf1, 0x0, 0x0,
    0x0, 0x0, 0x1f, 0x10, 0x0, 0x0, 0x0, 0x1,
    0xf1, 0x0, 0x0, 0x0, 0x0, 0x1f, 0x10, 0x0,
    0x0, 0x0, 0x0, 0x50, 0x0, 0x0,

    /* U+253E "┾" */
    0x0, 0x0, 0x1d, 0x10, 0x0, 0x0, 0x0, 0x1,
    0xf1, 0x0, 0x0, 0x0, 0x0, 0x1f, 0x10, 0x0,
    0x0, 0x0, 0x1, 0xf1, 0x0, 0x0, 0x0, 0x0,
    0x1f, 0x10, 0x0, 0x0, 0x0, 0x1, 0xf1, 0x0,
    0x0, 0x0, 0x0, 0x1f, 0x10, 0x0, 0x0, 0x0,
    0x1, 0xf1, 0x0, 0x0, 0x0, 0x0, 0x1f, 0x10,
    0x0, 0x0, 0x11, 0x12, 0xfc, 0xbb, 0xb2, 0x2f,
    0xff, 0xff, 0xff, 0xff, 0x20, 0x22, 0x23, 0xfc,
    0xcc, 0xc2, 0x0, 0x0, 0x1f, 0x10, 0x0, 0x0,
    0x0, 0x1, 0xf1, 0x0, 0x0, 0x0, 0x0, 0x1f,
    0x10, 0x0, 0x0, 0x0, 0x1, 0xf1, 0x0, 0x0,
    0x0, 0x0, 0x1f, 0x10, 0x0, 0x0, 0x0, 0x1,
    0xf1, 0x0, 0x0, 0x0, 0x0, 0x1f, 0x10, 0x0,
    0x0, 0x0, 0x0, 0x50, 0x0, 0x0,

    /* U+253F "┿" */
    0x0, 0x0, 0x1d, 0x10, 0x0, 0x0, 0x0, 0x1,
    0xf1, 0x0, 0x0, 0x0, 0x0, 0x1f, 0x10, 0x0,
    0x0, 0x0, 0x1, 0xf1, 0x0, 0x0, 0x0, 0x0,
    0x1f, 0x10, 0x0, 0x0, 0x0, 0x1, 0xf1, 0x0,
    0x0, 0x0, 0x0, 0x1f, 0x10, 0x0, 0x0, 0x0,
    0x1, 0xf1, 0x0, 0x0, 0x0, 0x0, 0x1f, 0x10,
    0x0, 0x1, 0xbb, 0xbc, 0xfc, 0xbb, 0xb2, 0x2f,
    0xff, 0xff, 0xff, 0xff, 0x21, 0xcc, 0xcc, 0xfc,
    0xcc, 0xc2, 0x0, 0x0, 0x1f, 0x10, 0x0, 0x0,
    0x0, 0x1, 0xf1, 0x0, 0x0, 0x0, 0x0, 0x1f,
    0x10, 0x0, 0x0, 0x0, 0x1, 0xf1, 0x0, 0x0,
    0x0, 0x0, 0x1f, 0x10, 0x0, 0x0, 0x0, 0x1,
    0xf1, 0x0, 0x0, 0x0, 0x0, 0x1f, 0x10, 0x0,
    0x0, 0x0, 0x0, 0x50, 0x0, 0x0,

    /* U+2540 "╀" */
    0x0, 0x4, 0xa9, 0x0, 0x0, 0x0, 0x7, 0xfe,
    0x0, 0x0, 0x0, 0x7, 0xfe, 0x0, 0x0, 0x0,
    0x7, 0xfe, 0x0, 0x0, 0x0, 0x7, 0xfe, 0x0,
    0x0, 0x0, 0x7, 0xfe, 0x0, 0x0, 0x0, 0x7,
    0xfe, 0x0, 0x0, 0x0, 0x7, 0xfe, 0x0, 0x0,
    0x0, 0x7, 0xfe, 0x0, 0x0, 0x0, 0x7, 0xfe,
    0x0, 0x0, 0xef, 0xff, 0xff, 0xff, 0xf5, 0x44,
    0x44, 0xe8, 0x44, 0x41, 0x0, 0x0, 0xd5, 0x0,
    0x0, 0x0, 0x0, 0xd5, 0x0, 0x0, 0x0, 0x0,
    0xd5, 0x0, 0x0, 0x0, 0x0, 0xd5, 0x0, 0x0,
    0x0, 0x0, 0xd5, 0x0, 0x0, 0x0, 0x0, 0xd5,
    0x0, 0x0, 0x0, 0x0, 0xd5, 0x0, 0x0, 0x0,
    0x0, 0x62, 0x0, 0x0,

    /* U+2541 "╁" */
    0x0, 0x0, 0x83, 0x0, 0x0, 0x0, 0x0, 0xd5,
    0x0, 0x0, 0x0, 0x0, 0xd5, 0x0, 0x0, 0x0,
    0x0, 0xd5, 0x0, 0x0, 0x0, 0x0, 0xd5, 0x0,
    0x0, 0x0, 0x0, 0xd5, 0x0, 0x0, 0x0, 0x0,
    0xd5, 0x0, 0x0, 0x0, 0x0, 0xd5, 0x0, 0x0,
    0x0, 0x0, 0xd5, 0x0, 0x0, 0x0, 0x0, 0xd5,
    0x0, 0x0, 0xef, 0xff, 0xff, 0xff, 0xf5, 0x44,
    0x49, 0xfe, 0x44, 0x41, 0x0, 0x7, 0xfe, 0x0,
    0x0, 0x0, 0x7, 0xfe, 0x0, 0x0, 0x0, 0x7,
    0xfe, 0x0, 0x0, 0x0, 0x7, 0xfe, 0x0, 0x0,
    0x0, 0x7, 0xfe, 0x0, 0x0, 0x0, 0x7, 0xfe,
    0x0, 0x0, 0x0, 0x7, 0xfe, 0x0, 0x0, 0x0,
    0x3, 0x76, 0x0, 0x0,

    /* U+2542 "╂" */
    0x0, 0x5, 0xdb, 0x0, 0x0, 0x0, 0x7, 0xfe,
    0x0, 0x0, 0x0, 0x7, 0xfe, 0x0, 0x0, 0x0,
    0x7, 0xfe, 0x0, 0x0, 0x0, 0x7, 0xfe, 0x0,
    0x0, 0x0, 0x7, 0xfe, 0x0, 0x0, 0x0, 0x7,
    0xfe, 0x0, 0x0, 0x0, 0x7, 0xfe, 0x0, 0x0,
    0x0, 0x7, 0xfe, 0x0, 0x0, 0x11, 0x17, 0xfe,
    0x11, 0x10, 0xef, 0xff, 0xff, 0xff, 0xf6, 0x22,
    0x28, 0xfe, 0x22, 0x20, 0x0, 0x7, 0xfe, 0x0,
    0x0, 0x0, 0x7, 0xfe, 0x0, 0x0, 0x0, 0x7,
    0xfe, 0x0, 0x0, 0x0, 0x7, 0xfe, 0x0, 0x0,
    0x0, 0x7, 0xfe, 0x0, 0x0, 0x0, 0x7, 0xfe,
    0x0, 0x0, 0x0, 0x7, 0xfe, 0x0, 0x0, 0x0,
    0x2, 0x54, 0x0, 0x0,

    /* U+2543 "╃" */
    0x0, 0x4, 0x98, 0x0, 0x0, 0x0, 0x7, 0xfe,
    0x0, 0x0, 0x0, 0x7, 0xfe, 0x0, 0x0, 0x0,
    0x7, 0xfe, 0x0, 0x0, 0x0, 0x7, 0xfe, 0x0,
    0x0, 0x0, 0x7, 0xfe, 0x0, 0x0, 0x0, 0x7,
    0xfe, 0x0, 0x0, 0x0, 0x7, 0xfe, 0x0, 0x0,
    0x0, 0x7, 0xfe, 0x0, 0x0, 0x78, 0x8b, 0xfe,
    0x0, 0x0, 0xef, 0xff, 0xff, 0xee, 0xe5, 0xef,
    0xff, 0xff, 0x66, 0x62, 0x0, 0x0, 0xd5, 0x0,
    0x0, 0x0, 0x0, 0xd5, 0x0, 0x0, 0x0, 0x0,
    0xd5, 0x0, 0x0, 0x0, 0x0, 0xd5, 0x0, 0x0,
    0x0, 0x0, 0xd5, 0x0, 0x0, 0x0, 0x0, 0xd5,
    0x0, 0x0, 0x0, 0x0, 0xd5, 0x0, 0x0, 0x0,
    0x0, 0x72, 0x0, 0x0,

    /* U+2544 "╄" */
    0x0, 0x4, 0x98, 0x0, 0x0, 0x0, 0x7, 0xfe,
    0x0, 0x0, 0x0, 0x7, 0xfe, 0x0, 0x0, 0x0,
    0x7, 0xfe, 0x0, 0x0, 0x0, 0x7, 0xfe, 0x0,
    0x0, 0x0, 0x7, 0xfe, 0x0, 0x0, 0x0, 0x7,
    0xfe, 0x0, 0x0, 0x0, 0x7, 0xfe, 0x0, 0x0,
    0x0, 0x7, 0xfe, 0x0, 0x0, 0x0, 0x7, 0xff,
    0x88, 0x83, 0xde, 0xef, 0xff, 0xff, 0xf6, 0x56,
    0x6a, 0xff, 0xff, 0xf6, 0x0, 0x0, 0xd5, 0x0,
    0x0, 0x0, 0x0, 0xd5, 0x0, 0x0, 0x0, 0x0,
    0xd5, 0x0, 0x0, 0x0, 0x0, 0xd5, 0x0, 0x0,
    0x0, 0x0, 0xd5, 0x0, 0x0, 0x0, 0x0, 0xd5,
    0x0, 0x0, 0x0, 0x0, 0xd5, 0x0, 0x0, 0x0,
    0x0, 0x72, 0x0, 0x0,

    /* U+2545 "╅" */
    0x0, 0x0, 0x83, 0x0, 0x0, 0x0, 0x0, 0xd5,
    0x0, 0x0, 0x0, 0x0, 0xd5, 0x0, 0x0, 0x0,
    0x0, 0xd5, 0x0, 0x0, 0x0, 0x0, 0xd5, 0x0,
    0x0, 0x0, 0x0, 0xd5, 0x0, 0x0, 0x0, 0x0,
    0xd5, 0x0, 0x0, 0x0, 0x0, 0xd5, 0x0, 0x0,
    0x0, 0x0, 0xd5, 0x0, 0x0, 0x78, 0x88, 0xea,
    0x0, 0x0, 0xef, 0xff, 0xff, 0xee, 0xe5, 0xef,
    0xff, 0xff, 0x66, 0x62, 0x0, 0x7, 0xfe, 0x0,
    0x0, 0x0, 0x7, 0xfe, 0x0, 0x0, 0x0, 0x7,
    0xfe, 0x0, 0x0, 0x0, 0x7, 0xfe, 0x0, 0x0,
    0x0, 0x7, 0xfe, 0x0, 0x0, 0x0, 0x7, 0xfe,
    0x0, 0x0, 0x0, 0x7, 0xfe, 0x0, 0x0, 0x0,
    0x3, 0x87, 0x0, 0x0,

    /* U+2546 "╆" */
    0x0, 0x0, 0x83, 0x0, 0x0, 0x0, 0x0, 0xd5,
    0x0, 0x0, 0x0, 0x0, 0xd5, 0x0, 0x0, 0x0,
    0x0, 0xd5, 0x0, 0x0, 0x0, 0x0, 0xd5, 0x0,
    0x0, 0x0, 0x0, 0xd5, 0x0, 0x0, 0x0, 0x0,
    0xd5, 0x0, 0x0, 0x0, 0x0, 0xd5, 0x0, 0x0,
    0x0, 0x0, 0xd5, 0x0, 0x0, 0x0, 0x3, 0xea,
    0x88, 0x83, 0xde, 0xef, 0xff, 0xff, 0xf6, 0x56,
    0x6a, 0xff, 0xff, 0xf6, 0x0, 0x7, 0xfe, 0x0,
    0x0, 0x0, 0x7, 0xfe, 0x0, 0x0, 0x0, 0x7,
    0xfe, 0x0, 0x0, 0x0, 0x7, 0xfe, 0x0, 0x0,
    0x0, 0x7, 0xfe, 0x0, 0x0, 0x0, 0x7, 0xfe,
    0x0, 0x0, 0x0, 0x7, 0xfe, 0x0, 0x0, 0x0,
    0x3, 0x87, 0x0, 0x0,

    /* U+2547 "╇" */
    0x0, 0x4, 0x98, 0x0, 0x0, 0x0, 0x7, 0xfe,
    0x0, 0x0, 0x0, 0x7, 0xfe, 0x0, 0x0, 0x0,
    0x7, 0xfe, 0x0, 0x0, 0x0, 0x7, 0xfe, 0x0,
    0x0, 0x0, 0x7, 0xfe, 0x0, 0x0, 0x0, 0x7,
    0xfe, 0x0, 0x0, 0x0, 0x7, 0xfe, 0x0, 0x0,
    0x0, 0x7, 0xfe, 0x0, 0x0, 0x78, 0x8b, 0xff,
    0x88, 0x83, 0xef, 0xff, 0xff, 0xff, 0xf6, 0xef,
    0xff, 0xff, 0xff, 0xf6, 0x0, 0x0, 0xd5, 0x0,
    0x0, 0x0, 0x0, 0xd5, 0x0, 0x0, 0x0, 0x0,
    0xd5, 0x0, 0x0, 0x0, 0x0, 0xd5, 0x0, 0x0,
    0x0, 0x0, 0xd5, 0x0, 0x0, 0x0, 0x0, 0xd5,
    0x0, 0x0, 0x0, 0x0, 0xd5, 0x0, 0x0, 0x0,
    0x0, 0x72, 0x0, 0x0,

    /* U+2548 "╈" */
    0x0, 0x0, 0x9, 0x0, 0x0, 0x0, 0x0, 0x1,
    0xf1, 0x0, 0x0, 0x0, 0x0, 0x1f, 0x10, 0x0,
    0x0, 0x0, 0x1, 0xf1, 0x0, 0x0, 0x0, 0x0,
    0x1f, 0x10, 0x0, 0x0, 0x0, 0x1, 0xf1, 0x0,
    0x0, 0x0, 0x0, 0x1f, 0x10, 0x0, 0x0, 0x0,
    0x1, 0xf1, 0x0, 0x0, 0x0, 0x0, 0x1f, 0x10,
    0x0, 0x1, 0x88, 0x88, 0xf8, 0x88, 0x81, 0x2f,
    0xff, 0xff, 0xff, 0xff, 0x22, 0xff, 0xff, 0xff,
    0xff, 0xf2, 0x0, 0x0, 0xaf, 0xb0, 0x0, 0x0,
    0x0, 0xa, 0xfb, 0x0, 0x0, 0x0, 0x0, 0xaf,
    0xb0, 0x0, 0x0, 0x0, 0xa, 0xfb, 0x0, 0x0,
    0x0, 0x0, 0xaf, 0xb0, 0x0, 0x0, 0x0, 0xa,
    0xfb, 0x0, 0x0, 0x0, 0x0, 0xaf, 0xb0, 0x0,
    0x0, 0x0, 0x5, 0x85, 0x0, 0x0,

    /* U+2549 "╉" */
    0x0, 0x5, 0xdb, 0x0, 0x0, 0x0, 0x7, 0xfe,
    0x0, 0x0, 0x0, 0x7, 0xfe, 0x0, 0x0, 0x0,
    0x7, 0xfe, 0x0, 0x0, 0x0, 0x7, 0xfe, 0x0,
    0x0, 0x0, 0x7, 0xfe, 0x0, 0x0, 0x0, 0x7,
    0xfe, 0x0, 0x0, 0x0, 0x7, 0xfe, 0x0, 0x0,
    0x0, 0x7, 0xfe, 0x0, 0x0, 0xab, 0xbd, 0xfe,
    0x11, 0x10, 0xef, 0xff, 0xff, 0xff, 0xf6, 0xbc,
    0xce, 0xfe, 0x22, 0x20, 0x0, 0x7, 0xfe, 0x0,
    0x0, 0x0, 0x7, 0xfe, 0x0, 0x0, 0x0, 0x7,
    0xfe, 0x0, 0x0, 0x0, 0x7, 0xfe, 0x0, 0x0,
    0x0, 0x7, 0xfe, 0x0, 0x0, 0x0, 0x7, 0xfe,
    0x0, 0x0, 0x0, 0x7, 0xfe, 0x0, 0x0, 0x0,
    0x2, 0x54, 0x0, 0x0,

    /* U+254A "╊" */
    0x0, 0x5, 0xdb, 0x0, 0x0, 0x0, 0x7, 0xfe,
    0x0, 0x0, 0x0, 0x7, 0xfe, 0x0, 0x0, 0x0,
    0x7, 0xfe, 0x0, 0x0, 0x0, 0x7, 0xfe, 0x0,
    0x0, 0x0, 0x7, 0xfe, 0x0, 0x0, 0x0, 0x7,
    0xfe, 0x0, 0x0, 0x0, 0x7, 0xfe, 0x0, 0x0,
    0x0, 0x7, 0xfe, 0x0, 0x0, 0x11, 0x17, 0xff,
    0xbb, 0xb4, 0xef, 0xff, 0xff, 0xff, 0xf6, 0x22,
    0x28, 0xff, 0xcc, 0xc4, 0x0, 0x7, 0xfe, 0x0,
    0x0, 0x0, 0x7, 0xfe, 0x0, 0x0, 0x0, 0x7,
    0xfe, 0x0, 0x0, 0x0, 0x7, 0xfe, 0x0, 0x0,
    0x0, 0x7, 0xfe, 0x0, 0x0, 0x0, 0x7, 0xfe,
    0x0, 0x0, 0x0, 0x7, 0xfe, 0x0, 0x0, 0x0,
    0x2, 0x54, 0x0, 0x0,

    /* U+254B "╋" */
    0x0, 0x5, 0xdb, 0x0, 0x0, 0x0, 0x7, 0xfe,
    0x0, 0x0, 0x0, 0x7, 0xfe, 0x0, 0x0, 0x0,
    0x7, 0xfe, 0x0, 0x0, 0x0, 0x7, 0xfe, 0x0,
    0x0, 0x0, 0x7, 0xfe, 0x0, 0x0, 0x0, 0x7,
    0xfe, 0x0, 0x0, 0x0, 0x7, 0xfe, 0x0, 0x0,
    0x0, 0x7, 0xfe, 0x0, 0x0, 0xab, 0xbd, 0xff,
    0xbb, 0xb4, 0xef, 0xff, 0xff, 0xff, 0xf6, 0xbc,
    0xce, 0xff, 0xcc, 0xc4, 0x0, 0x7, 0xfe, 0x0,
    0x0, 0x0, 0x7, 0xfe, 0x0, 0x0, 0x0, 0x7,
    0xfe, 0x0, 0x0, 0x0, 0x7, 0xfe, 0x0, 0x0,
    0x0, 0x7, 0xfe, 0x0, 0x0, 0x0, 0x7, 0xfe,
    0x0, 0x0, 0x0, 0x7, 0xfe, 0x0, 0x0, 0x0,
    0x2, 0x54, 0x0, 0x0,

    /* U+254C "╌" */
    0x2f, 0xff, 0xe0, 0xef, 0xff, 0x20, 0x44, 0x44,
    0x4, 0x44, 0x40,

    /* U+254D "╍" */
    0x18, 0x88, 0x70, 0x78, 0x88, 0x12, 0xff, 0xfe,
    0xe, 0xff, 0xf2, 0x2f, 0xff, 0xe0, 0xef, 0xff,
    0x20,

    /* U+254E "╎" */
    0x1d, 0x11, 0xf1, 0x1f, 0x11, 0xf1, 0x1f, 0x11,
    0xf1, 0x1f, 0x11, 0xf1, 0x1f, 0x10, 0x40, 0x0,
    0x0, 0x0, 0x1f, 0x11, 0xf1, 0x1f, 0x11, 0xf1,
    0x1f, 0x11, 0xf1, 0x1f, 0x10, 0x80,

    /* U+254F "╏" */
    0x5d, 0xb7, 0xfe, 0x7f, 0xe7, 0xfe, 0x7f, 0xe7,
    0xfe, 0x7f, 0xe7, 0xfe, 0x7f, 0xe1, 0x43, 0x0,
    0x0, 0x0, 0x7f, 0xe7, 0xfe, 0x7f, 0xe7, 0xfe,
    0x7f, 0xe7, 0xfe, 0x7f, 0xe3, 0x87,

    /* U+2550 "═" */
    0x2, 0x22, 0x22, 0x22, 0x22, 0x2, 0xff, 0xff,
    0xff, 0xff, 0xf2, 0x1, 0x11, 0x11, 0x11, 0x11,
    0x1, 0xdd, 0xdd, 0xdd, 0xdd, 0xd2, 0x6, 0x66,
    0x66, 0x66, 0x66, 0x10,

    /* U+2551 "║" */
    0x3b, 0xb, 0x34, 0xe0, 0xe4, 0x4e, 0xe, 0x44,
    0xe0, 0xe4, 0x4e, 0xe, 0x44, 0xe0, 0xe4, 0x4e,
    0xe, 0x44, 0xe0, 0xe4, 0x4e, 0xe, 0x44, 0xe0,
    0xe4, 0x4e, 0xe, 0x44, 0xe0, 0xe4, 0x4e, 0xe,
    0x44, 0xe0, 0xe4, 0x4e, 0xe, 0x44, 0xe0, 0xe4,
    0x4e, 0xe, 0x44, 0xe0, 0xe4, 0x4e, 0xe, 0x41,
    0x40, 0x41,

    /* U+2552 "╒" */
    0x2, 0x22, 0x22, 0x1, 0xff, 0xff, 0xf2, 0x1f,
    0x31, 0x11, 0x1, 0xfd, 0xdd, 0xd2, 0x1f, 0x76,
    0x66, 0x11, 0xf1, 0x0, 0x0, 0x1f, 0x10, 0x0,
    0x1, 0xf1, 0x0, 0x0, 0x1f, 0x10, 0x0, 0x1,
    0xf1, 0x0, 0x0, 0x1f, 0x10, 0x0, 0x0, 0x80,
    0x0, 0x0,

    /* U+2553 "╓" */
    0x3f, 0xff, 0xff, 0xf2, 0x4f, 0x4f, 0x74, 0x40,
    0x4e, 0xe, 0x40, 0x0, 0x4e, 0xe, 0x40, 0x0,
    0x4e, 0xe, 0x40, 0x0, 0x4e, 0xe, 0x40, 0x0,
    0x4e, 0xe, 0x40, 0x0, 0x4e, 0xe, 0x40, 0x0,
    0x4e, 0xe, 0x40, 0x0, 0x16, 0x6, 0x10, 0x0,

    /* U+2554 "╔" */
    0x2, 0x22, 0x22, 0x20, 0x4f, 0xff, 0xff, 0xf2,
    0x4e, 0x11, 0x11, 0x10, 0x4e, 0xc, 0xdd, 0xd2,
    0x4e, 0xe, 0x86, 0x61, 0x4e, 0xe, 0x40, 0x0,
    0x4e, 0xe, 0x40, 0x0, 0x4e, 0xe, 0x40, 0x0,
    0x4e, 0xe, 0x40, 0x0, 0x4e, 0xe, 0x40, 0x0,
    0x4e, 0xe, 0x40, 0x0, 0x14, 0x4, 0x10, 0x0,

    /* U+2555 "╕" */
    0x2, 0x22, 0x22, 0x2, 0xff, 0xff, 0xf1, 0x1,
    0x11, 0x2f, 0x11, 0xdd, 0xdd, 0xf1, 0x6, 0x66,
    0x7f, 0x10, 0x0, 0x1, 0xf1, 0x0, 0x0, 0x1f,
    0x10, 0x0, 0x1, 0xf1, 0x0, 0x0, 0x1f, 0x10,
    0x0, 0x1, 0xf1, 0x0, 0x0, 0x1f, 0x10, 0x0,
    0x0, 0x80,

    /* U+2556 "╖" */
    0x2f, 0xff, 0xff, 0xf3, 0x4, 0x47, 0xf4, 0xf4,
    0x0, 0x4, 0xe0, 0xe4, 0x0, 0x4, 0xe0, 0xe4,
    0x0, 0x4, 0xe0, 0xe4, 0x0, 0x4, 0xe0, 0xe4,
    0x0, 0x4, 0xe0, 0xe4, 0x0, 0x4, 0xe0, 0xe4,
    0x0, 0x4, 0xe0, 0xe4, 0x0, 0x1, 0x60, 0x61,

    /* U+2557 "╗" */
    0x2, 0x22, 0x22, 0x20, 0x2f, 0xff, 0xff, 0xf4,
    0x1, 0x11, 0x11, 0xe4, 0x1d, 0xdd, 0xc0, 0xe4,
    0x6, 0x68, 0xe0, 0xe4, 0x0, 0x4, 0xe0, 0xe4,
    0x0, 0x4, 0xe0, 0xe4, 0x0, 0x4, 0xe0, 0xe4,
    0x0, 0x4, 0xe0, 0xe4, 0x0, 0x4, 0xe0, 0xe4,
    0x0, 0x4, 0xe0, 0xe4, 0x0, 0x1, 0x40, 0x41,

    /* U+2558 "╘" */
    0x1d, 0x10, 0x0, 0x1, 0xf1, 0x0, 0x0, 0x1f,
    0x10, 0x0, 0x1, 0xf1, 0x0, 0x0, 0x1f, 0x10,
    0x0, 0x1, 0xf1, 0x0, 0x0, 0x1f, 0x10, 0x0,
    0x1, 0xf1, 0x0, 0x0, 0x1f, 0x32, 0x22, 0x1,
    0xff, 0xff, 0xf2, 0x1f, 0x31, 0x11, 0x1, 0xfd,
    0xdd, 0xd2, 0x6, 0x66, 0x66, 0x10,

    /* U+2559 "╙" */
    0x29, 0x9, 0x20, 0x0, 0x4e, 0xe, 0x40, 0x0,
    0x4e, 0xe, 0x40, 0x0, 0x4e, 0xe, 0x40, 0x0,
    0x4e, 0xe, 0x40, 0x0, 0x4e, 0xe, 0x40, 0x0,
    0x4e, 0xe, 0x40, 0x0, 0x4e, 0xe, 0x40, 0x0,
    0x4e, 0xe, 0x40, 0x0, 0x4e, 0xe, 0x40, 0x0,
    0x4f, 0xff, 0xff, 0xf2, 0x14, 0x44, 0x44, 0x40,

    /* U+255A "╚" */
    0x28, 0x8, 0x20, 0x0, 0x4e, 0xe, 0x40, 0x0,
    0x4e, 0xe, 0x40, 0x0, 0x4e, 0xe, 0x40, 0x0,
    0x4e, 0xe, 0x40, 0x0, 0x4e, 0xe, 0x40, 0x0,
    0x4e, 0xe, 0x40, 0x0, 0x4e, 0xe, 0x40, 0x0,
    0x4e, 0xe, 0x52, 0x20, 0x4e, 0xe, 0xff, 0xf2,
    0x4e, 0x1, 0x11, 0x10, 0x4f, 0xdd, 0xdd, 0xd2,
    0x16, 0x66, 0x66, 0x61,

    /* U+255B "╛" */
    0x0, 0x0, 0x1d, 0x10, 0x0, 0x1, 0xf1, 0x0,
    0x0, 0x1f, 0x10, 0x0, 0x1, 0xf1, 0x0, 0x0,
    0x1f, 0x10, 0x0, 0x1, 0xf1, 0x0, 0x0, 0x1f,
    0x10, 0x0, 0x1, 0xf1, 0x2, 0x22, 0x3f, 0x12,
    0xff, 0xff, 0xf1, 0x1, 0x11, 0x2f, 0x11, 0xdd,
    0xdd, 0xf1, 0x6, 0x66, 0x66, 0x0,

    /* U+255C "╜" */
    0x0, 0x2, 0x90, 0x92, 0x0, 0x4, 0xe0, 0xe4,
    0x0, 0x4, 0xe0, 0xe4, 0x0, 0x4, 0xe0, 0xe4,
    0x0, 0x4, 0xe0, 0xe4, 0x0, 0x4, 0xe0, 0xe4,
    0x0, 0x4, 0xe0, 0xe4, 0x0, 0x4, 0xe0, 0xe4,
    0x0, 0x4, 0xe0, 0xe4, 0x0, 0x4, 0xe0, 0xe4,
    0x2f, 0xff, 0xff, 0xf4, 0x4, 0x44, 0x44, 0x41,

    /* U+255D "╝" */
    0x0, 0x2, 0x80, 0x82, 0x0, 0x4, 0xe0, 0xe4,
    0x0, 0x4, 0xe0, 0xe4, 0x0, 0x4, 0xe0, 0xe4,
    0x0, 0x4, 0xe0, 0xe4, 0x0, 0x4, 0xe0, 0xe4,
    0x0, 0x4, 0xe0, 0xe4, 0x0, 0x4, 0xe0, 0xe4,
    0x2, 0x25, 0xe0, 0xe4, 0x2f, 0xff, 0xe0, 0xe4,
    0x1, 0x11, 0x10, 0xe4, 0x1d, 0xdd, 0xdd, 0xf4,
    0x6, 0x66, 0x66, 0x61,

    /* U+255E "╞" */
    0x1d, 0x10, 0x0, 0x1, 0xf1, 0x0, 0x0, 0x1f,
    0x10, 0x0, 0x1, 0xf1, 0x0, 0x0, 0x1f, 0x10,
    0x0, 0x1, 0xf1, 0x0, 0x0, 0x1f, 0x10, 0x0,
    0x1, 0xf1, 0x0, 0x0, 0x1f, 0x66, 0x66, 0x11,
    0xfe, 0xee, 0xe2, 0x1f, 0x10, 0x0, 0x1, 0xfd,
    0xdd, 0xd2, 0x1f, 0x76, 0x66, 0x11, 0xf1, 0x0,
    0x0, 0x1f, 0x10, 0x0, 0x1, 0xf1, 0x0, 0x0,
    0x1f, 0x10, 0x0, 0x1, 0xf1, 0x0, 0x0, 0x1f,
    0x10, 0x0, 0x0, 0x50, 0x0, 0x0,

    /* U+255F "╟" */
    0x3b, 0xb, 0x30, 0x0, 0x4e, 0xe, 0x40, 0x0,
    0x4e, 0xe, 0x40, 0x0, 0x4e, 0xe, 0x40, 0x0,
    0x4e, 0xe, 0x40, 0x0, 0x4e, 0xe, 0x40, 0x0,
    0x4e, 0xe, 0x40, 0x0, 0x4e, 0xe, 0x40, 0x0,
    0x4e, 0xe, 0x40, 0x0, 0x4e, 0xe, 0x51, 0x10,
    0x4e, 0xe, 0xff, 0xf2, 0x4e, 0xe, 0x52, 0x20,
    0x4e, 0xe, 0x40, 0x0, 0x4e, 0xe, 0x40, 0x0,
    0x4e, 0xe, 0x40, 0x0, 0x4e, 0xe, 0x40, 0x0,
    0x4e, 0xe, 0x40, 0x0, 0x4e, 0xe, 0x40, 0x0,
    0x4e, 0xe, 0x40, 0x0, 0x14, 0x4, 0x10, 0x0,

    /* U+2560 "╠" */
    0x3b, 0xb, 0x30, 0x0, 0x4e, 0xe, 0x40, 0x0,
    0x4e, 0xe, 0x40, 0x0, 0x4e, 0xe, 0x40, 0x0,
    0x4e, 0xe, 0x40, 0x0, 0x4e, 0xe, 0x40, 0x0,
    0x4e, 0xe, 0x40, 0x0, 0x4e, 0xe, 0x40, 0x0,
    0x4e, 0xe, 0x86, 0x60, 0x4e, 0xd, 0xee, 0xe2,
    0x4e, 0x0, 0x0, 0x0, 0x4e, 0xc, 0xdd, 0xd2,
    0x4e, 0xe, 0x86, 0x61, 0x4e, 0xe, 0x40, 0x0,
    0x4e, 0xe, 0x40, 0x0, 0x4e, 0xe, 0x40, 0x0,
    0x4e, 0xe, 0x40, 0x0, 0x4e, 0xe, 0x40, 0x0,
    0x4e, 0xe, 0x40, 0x0, 0x14, 0x4, 0x10, 0x0,

    /* U+2561 "╡" */
    0x0, 0x0, 0x1d, 0x10, 0x0, 0x1, 0xf1, 0x0,
    0x0, 0x1f, 0x10, 0x0, 0x1, 0xf1, 0x0, 0x0,
    0x1f, 0x10, 0x0, 0x1, 0xf1, 0x0, 0x0, 0x1f,
    0x10, 0x0, 0x1, 0xf1, 0x6, 0x66, 0x6f, 0x12,
    0xee, 0xee, 0xf1, 0x0, 0x0, 0x1f, 0x11, 0xdd,
    0xdd, 0xf1, 0x6, 0x66, 0x7f, 0x10, 0x0, 0x1,
    0xf1, 0x0, 0x0, 0x1f, 0x10, 0x0, 0x1, 0xf1,
    0x0, 0x0, 0x1f, 0x10, 0x0, 0x1, 0xf1, 0x0,
    0x0, 0x1f, 0x10, 0x0, 0x0, 0x50,

    /* U+2562 "╢" */
    0x0, 0x3, 0xb0, 0xb3, 0x0, 0x4, 0xe0, 0xe4,
    0x0, 0x4, 0xe0, 0xe4, 0x0, 0x4, 0xe0, 0xe4,
    0x0, 0x4, 0xe0, 0xe4, 0x0, 0x4, 0xe0, 0xe4,
    0x0, 0x4, 0xe0, 0xe4, 0x0, 0x4, 0xe0, 0xe4,
    0x0, 0x4, 0xe0, 0xe4, 0x1, 0x15, 0xe0, 0xe4,
    0x2f, 0xff, 0xe0, 0xe4, 0x2, 0x25, 0xe0, 0xe4,
    0x0, 0x4, 0xe0, 0xe4, 0x0, 0x4, 0xe0, 0xe4,
    0x0, 0x4, 0xe0, 0xe4, 0x0, 0x4, 0xe0, 0xe4,
    0x0, 0x4, 0xe0, 0xe4, 0x0, 0x4, 0xe0, 0xe4,
    0x0, 0x4, 0xe0, 0xe4, 0x0, 0x1, 0x40, 0x41,

    /* U+2563 "╣" */
    0x0, 0x3, 0xb0, 0xb3, 0x0, 0x4, 0xe0, 0xe4,
    0x0, 0x4, 0xe0, 0xe4, 0x0, 0x4, 0xe0, 0xe4,
    0x0, 0x4, 0xe0, 0xe4, 0x0, 0x4, 0xe0, 0xe4,
    0x0, 0x4, 0xe0, 0xe4, 0x0, 0x4, 0xe0, 0xe4,
    0x6, 0x68, 0xe0, 0xe4, 0x2e, 0xee, 0xd0, 0xe4,
    0x0, 0x0, 0x0, 0xe4, 0x1d, 0xdd, 0xc0, 0xe4,
    0x6, 0x68, 0xe0, 0xe4, 0x0, 0x4, 0xe0, 0xe4,
    0x0, 0x4, 0xe0, 0xe4, 0x0, 0x4, 0xe0, 0xe4,
    0x0, 0x4, 0xe0, 0xe4, 0x0, 0x4, 0xe0, 0xe4,
    0x0, 0x4, 0xe0, 0xe4, 0x0, 0x1, 0x40, 0x41,

    /* U+2564 "╤" */
    0x2, 0x22, 0x22, 0x22, 0x22, 0x2, 0xff, 0xff,
    0xff, 0xff, 0xf2, 0x1, 0x11, 0x11, 0x11, 0x11,
    0x1, 0xdd, 0xdd, 0xdd, 0xdd, 0xd2, 0x6, 0x66,
    0x7f, 0x76, 0x66, 0x10, 0x0, 0x1, 0xf1, 0x0,
    0x0, 0x0, 0x0, 0x1f, 0x10, 0x0, 0x0, 0x0,
    0x1, 0xf1, 0x0, 0x0, 0x0, 0x0, 0x1f, 0x10,
    0x0, 0x0, 0x0, 0x1, 0xf1, 0x0, 0x0, 0x0,
    0x0, 0x1f, 0x10, 0x0, 0x0, 0x0, 0x0, 0x50,
    0x0, 0x0,

    /* U+2565 "╥" */
    0x2f, 0xff, 0xff, 0xff, 0xff, 0x20, 0x44, 0x7f,
    0x4e, 0x74, 0x40, 0x0, 0x4, 0xe0, 0xe4, 0x0,
    0x0, 0x0, 0x4e, 0xe, 0x40, 0x0, 0x0, 0x4,
    0xe0, 0xe4, 0x0, 0x0, 0x0, 0x4e, 0xe, 0x40,
    0x0, 0x0, 0x4, 0xe0, 0xe4, 0x0, 0x0, 0x0,
    0x4e, 0xe, 0x40, 0x0, 0x0, 0x4, 0xe0, 0xe4,
    0x0, 0x0, 0x0, 0x16, 0x6, 0x10, 0x0,

    /* U+2566 "╦" */
    0x2, 0x22, 0x22, 0x22, 0x22, 0x2, 0xff, 0xff,
    0xff, 0xff, 0xf2, 0x1, 0x11, 0x11, 0x11, 0x11,
    0x1, 0xdd, 0xdc, 0xc, 0xdd, 0xd2, 0x6, 0x68,
    0xe0, 0xe9, 0x66, 0x10, 0x0, 0x4e, 0xe, 0x40,
    0x0, 0x0, 0x4, 0xe0, 0xe4, 0x0, 0x0, 0x0,
    0x4e, 0xe, 0x40, 0x0, 0x0, 0x4, 0xe0, 0xe4,
    0x0, 0x0, 0x0, 0x4e, 0xe, 0x40, 0x0, 0x0,
    0x4, 0xe0, 0xe4, 0x0, 0x0, 0x0, 0x14, 0x4,
    0x10, 0x0,

    /* U+2567 "╧" */
    0x0, 0x0, 0x9, 0x0, 0x0, 0x0, 0x0, 0x1,
    0xf1, 0x0, 0x0, 0x0, 0x0, 0x1f, 0x10, 0x0,
    0x0, 0x0, 0x1, 0xf1, 0x0, 0x0, 0x0, 0x0,
    0x1f, 0x10, 0x0, 0x0, 0x0, 0x1, 0xf1, 0x0,
    0x0, 0x0, 0x0, 0x1f, 0x10, 0x0, 0x0, 0x0,
    0x1, 0xf1, 0x0, 0x0, 0x2, 0x22, 0x3f, 0x32,
    0x22, 0x2, 0xff, 0xff, 0xff, 0xff, 0xf2, 0x1,
    0x11, 0x11, 0x11, 0x11, 0x1, 0xdd, 0xdd, 0xdd,
    0xdd, 0xd2, 0x6, 0x66, 0x66, 0x66, 0x66, 0x10,

    /* U+2568 "╨" */
    0x0, 0x2, 0x90, 0x92, 0x0, 0x0, 0x0, 0x4e,
    0xe, 0x40, 0x0, 0x0, 0x4, 0xe0, 0xe4, 0x0,
    0x0, 0x0, 0x4e, 0xe, 0x40, 0x0, 0x0, 0x4,
    0xe0, 0xe4, 0x0, 0x0, 0x0, 0x4e, 0xe, 0x40,
    0x0, 0x0, 0x4, 0xe0, 0xe4, 0x0, 0x0, 0x0,
    0x4e, 0xe, 0x40, 0x0, 0x0, 0x4, 0xe0, 0xe4,
    0x0, 0x0, 0x0, 0x4e, 0xe, 0x40, 0x0, 0x2f,
    0xff, 0xff, 0xff, 0xff, 0x20, 0x44, 0x44, 0x44,
    0x44, 0x40,

    /* U+2569 "╩" */
    0x0, 0x2, 0x80, 0x82, 0x0, 0x0, 0x0, 0x4e,
    0xe, 0x40, 0x0, 0x0, 0x4, 0xe0, 0xe4, 0x0,
    0x0, 0x0, 0x4e, 0xe, 0x40, 0x0, 0x0, 0x4,
    0xe0, 0xe4, 0x0, 0x0, 0x0, 0x4e, 0xe, 0x40,
    0x0, 0x0, 0x4, 0xe0, 0xe4, 0x0, 0x0, 0x0,
    0x4e, 0xe, 0x40, 0x0, 0x2, 0x25, 0xe0, 0xe6,
    0x22, 0x2, 0xff, 0xfe, 0xe, 0xff, 0xf2, 0x1,
    0x11, 0x10, 0x11, 0x11, 0x1, 0xdd, 0xdd, 0xdd,
    0xdd, 0xd2, 0x6, 0x66, 0x66, 0x66, 0x66, 0x10,

    /* U+256A "╪" */
    0x0, 0x0, 0x1d, 0x10, 0x0, 0x0, 0x0, 0x1,
    0xf1, 0x0, 0x0, 0x0, 0x0, 0x1f, 0x10, 0x0,
    0x0, 0x0, 0x1, 0xf1, 0x0, 0x0, 0x0, 0x0,
    0x1f, 0x10, 0x0, 0x0, 0x0, 0x1, 0xf1, 0x0,
    0x0, 0x0, 0x0, 0x1f, 0x10, 0x0, 0x0, 0x0,
    0x1, 0xf1, 0x0, 0x0, 0x6, 0x66, 0x6f, 0x66,
    0x66, 0x12, 0xee, 0xee, 0xfe, 0xee, 0xe2, 0x0,
    0x0, 0x1f, 0x10, 0x0, 0x1, 0xdd, 0xdd, 0xfd,
    0xdd, 0xd2, 0x6, 0x66, 0x7f, 0x76, 0x66, 0x10,
    0x0, 0x1, 0xf1, 0x0, 0x0, 0x0, 0x0, 0x1f,
    0x10, 0x0, 0x0, 0x0, 0x1, 0xf1, 0x0, 0x0,
    0x0, 0x0, 0x1f, 0x10, 0x0, 0x0, 0x0, 0x1,
    0xf1, 0x0, 0x0, 0x0, 0x0, 0x1f, 0x10, 0x0,
    0x0, 0x0, 0x0, 0x50, 0x0, 0x0,

    /* U+256B "╫" */
    0x0, 0x3, 0xb0, 0xb3, 0x0, 0x0, 0x0, 0x4e,
    0xe, 0x40, 0x0, 0x0, 0x4, 0xe0, 0xe4, 0x0,
    0x0, 0x0, 0x4e, 0xe, 0x40, 0x0, 0x0, 0x4,
    0xe0, 0xe4, 0x0, 0x0, 0x0, 0x4e, 0xe, 0x40,
    0x0, 0x0, 0x4, 0xe0, 0xe4, 0x0, 0x0, 0x0,
    0x4e, 0xe, 0x40, 0x0, 0x0, 0x4, 0xe0, 0xe4,
    0x0, 0x0, 0x11, 0x5e, 0x1e, 0x51, 0x10, 0x2f,
    0xff, 0xff, 0xff, 0xff, 0x20, 0x22, 0x5e, 0x2e,
    0x62, 0x20, 0x0, 0x4, 0xe0, 0xe4, 0x0, 0x0,
    0x0, 0x4e, 0xe, 0x40, 0x0, 0x0, 0x4, 0xe0,
    0xe4, 0x0, 0x0, 0x0, 0x4e, 0xe, 0x40, 0x0,
    0x0, 0x4, 0xe0, 0xe4, 0x0, 0x0, 0x0, 0x4e,
    0xe, 0x40, 0x0, 0x0, 0x4, 0xe0, 0xe4, 0x0,
    0x0, 0x0, 0x14, 0x4, 0x10, 0x0,

    /* U+256C "╬" */
    0x0, 0x2, 0x80, 0x82, 0x0, 0x0, 0x0, 0x4e,
    0xe, 0x40, 0x0, 0x0, 0x4, 0xe0, 0xe4, 0x0,
    0x0, 0x0, 0x4e, 0xe, 0x40, 0x0, 0x0, 0x4,
    0xe0, 0xe4, 0x0, 0x0, 0x0, 0x4e, 0xe, 0x40,
    0x0, 0x0, 0x4, 0xe0, 0xe4, 0x0, 0x0, 0x0,
    0x4e, 0xe, 0x40, 0x0, 0x2, 0x25, 0xe0, 0xe5,
    0x22, 0x2, 0xff, 0xfe, 0xe, 0xff, 0xf2, 0x1,
    0x11, 0x10, 0x11, 0x11, 0x1, 0xdd, 0xdc, 0xc,
    0xdd, 0xd2, 0x6, 0x68, 0xe0, 0xe8, 0x66, 0x10,
    0x0, 0x4e, 0xe, 0x40, 0x0, 0x0, 0x4, 0xe0,
    0xe4, 0x0, 0x0, 0x0, 0x4e, 0xe, 0x40, 0x0,
    0x0, 0x4, 0xe0, 0xe4, 0x0, 0x0, 0x0, 0x4e,
    0xe, 0x40, 0x0, 0x0, 0x4, 0xe0, 0xe4, 0x0,
    0x0, 0x0, 0x14, 0x4, 0x10, 0x0,

    /* U+256D "╭" */
    0x1, 0xbe, 0xff, 0x20, 0xbb, 0x54, 0x40, 0xf,
    0x20, 0x0, 0x1, 0xf1, 0x0, 0x0, 0x1f, 0x10,
    0x0, 0x1, 0xf1, 0x0, 0x0, 0x1f, 0x10, 0x0,
    0x1, 0xf1, 0x0, 0x0, 0x1f, 0x10, 0x0, 0x0,
    0x70, 0x0, 0x0,

    /* U+256E "╮" */
    0x2f, 0xfe, 0xb1, 0x0, 0x44, 0x5b, 0xb0, 0x0,
    0x0, 0x2f, 0x0, 0x0, 0x1, 0xf1, 0x0, 0x0,
    0x1f, 0x10, 0x0, 0x1, 0xf1, 0x0, 0x0, 0x1f,
    0x10, 0x0, 0x1, 0xf1, 0x0, 0x0, 0x1f, 0x10,
    0x0, 0x0, 0x70,

    /* U+256F "╯" */
    0x0, 0x0, 0xa, 0x0, 0x0, 0x1, 0xf1, 0x0,
    0x0, 0x1f, 0x10, 0x0, 0x1, 0xf1, 0x0, 0x0,
    0x1f, 0x10, 0x0, 0x1, 0xf1, 0x0, 0x0, 0x1f,
    0x10, 0x0, 0x1, 0xf1, 0x0, 0x0, 0x1f, 0x0,
    0x0, 0x6, 0xd0, 0x2f, 0xff, 0xf4, 0x0, 0x44,
    0x41, 0x0,

    /* U+2570 "╰" */
    0xa, 0x0, 0x0, 0x1, 0xf1, 0x0, 0x0, 0x1f,
    0x10, 0x0, 0x1, 0xf1, 0x0, 0x0, 0x1f, 0x10,
    0x0, 0x1, 0xf1, 0x0, 0x0, 0x1f, 0x10, 0x0,
    0x1, 0xf1, 0x0, 0x0, 0xf, 0x10, 0x0, 0x0,
    0xd7, 0x0, 0x0, 0x4, 0xff, 0xff, 0x20, 0x1,
    0x44, 0x40,

    /* U+2571 "╱" */
    0x0, 0x0, 0x0, 0x0, 0x5, 0x60, 0x0, 0x0,
    0x0, 0x1, 0xf4, 0x0, 0x0, 0x0, 0x0, 0x7c,
    0x0, 0x0, 0x0, 0x0, 0xe, 0x50, 0x0, 0x0,
    0x0, 0x7, 0xd0, 0x0, 0x0, 0x0, 0x0, 0xe5,
    0x0, 0x0, 0x0, 0x0, 0x7d, 0x0, 0x0, 0x0,
    0x0, 0xe, 0x50, 0x0, 0x0, 0x0, 0x6, 0xd0,
    0x0, 0x0, 0x0, 0x0, 0xe6, 0x0, 0x0, 0x0,
    0x0, 0x6e, 0x0, 0x0, 0x0, 0x0, 0xd, 0x60,
    0x0, 0x0, 0x0, 0x5, 0xe0, 0x0, 0x0, 0x0,
    0x0, 0xd7, 0x0, 0x0, 0x0, 0x0, 0x5e, 0x0,
    0x0, 0x0, 0x0, 0xd, 0x70, 0x0, 0x0, 0x0,
    0x5, 0xe0, 0x0, 0x0, 0x0, 0x0, 0xc7, 0x0,
    0x0, 0x0, 0x0, 0x4f, 0x0, 0x0, 0x0, 0x0,
    0x5, 0x50, 0x0, 0x0, 0x0, 0x0,

    /* U+2572 "╲" */
    0x66, 0x0, 0x0, 0x0, 0x0, 0x4, 0xf1, 0x0,
    0x0, 0x0, 0x0, 0xc, 0x80, 0x0, 0x0, 0x0,
    0x0, 0x4f, 0x10, 0x0, 0x0, 0x0, 0x0, 0xc7,
    0x0, 0x0, 0x0, 0x0, 0x5, 0xe0, 0x0, 0x0,
    0x0, 0x0, 0xd, 0x70, 0x0, 0x0, 0x0, 0x0,
    0x5e, 0x0, 0x0, 0x0, 0x0, 0x0, 0xd7, 0x0,
    0x0, 0x0, 0x0, 0x5, 0xe0, 0x0, 0x0, 0x0,
    0x0, 0xd, 0x60, 0x0, 0x0, 0x0, 0x0, 0x6e,
    0x0, 0x0, 0x0, 0x0, 0x0, 0xe6, 0x0, 0x0,
    0x0, 0x0, 0x6, 0xd0, 0x0, 0x0, 0x0, 0x0,
    0xe, 0x50, 0x0, 0x0, 0x0, 0x0, 0x6d, 0x0,
    0x0, 0x0, 0x0, 0x0, 0xe5, 0x0, 0x0, 0x0,
    0x0, 0x7, 0xd0, 0x0, 0x0, 0x0, 0x0, 0xe,
    0x50, 0x0, 0x0, 0x0, 0x0, 0x55,

    /* U+2573 "╳" */
    0x79, 0x0, 0x0, 0x0, 0x8, 0x82, 0xf2, 0x0,
    0x0, 0x2, 0xf3, 0xa, 0xa0, 0x0, 0x0, 0x9b,
    0x0, 0x2f, 0x20, 0x0, 0x1f, 0x30, 0x0, 0xb9,
    0x0, 0x9, 0xb0, 0x0, 0x3, 0xf1, 0x1, 0xf3,
    0x0, 0x0, 0xb, 0x90, 0x8c, 0x0, 0x0, 0x0,
    0x3f, 0x2f, 0x40, 0x0, 0x0, 0x0, 0xbe, 0xc0,
    0x0, 0x0, 0x0, 0x4, 0xf5, 0x0, 0x0, 0x0,
    0x0, 0x7f, 0x80, 0x0, 0x0, 0x0, 0xe, 0x9f,
    0x10, 0x0, 0x0, 0x7, 0xd0, 0xc8, 0x0, 0x0,
    0x0, 0xe5, 0x4, 0xf0, 0x0, 0x0, 0x7d, 0x0,
    0xd, 0x70, 0x0, 0xe, 0x50, 0x0, 0x5e, 0x0,
    0x6, 0xd0, 0x0, 0x0, 0xd7, 0x0, 0xe6, 0x0,
    0x0, 0x5, 0xe0, 0x6e, 0x0, 0x0, 0x0, 0xd,
    0x63, 0x20, 0x0, 0x0, 0x0, 0x23,

    /* U+2574 "╴" */
    0x1f, 0xff, 0xfa, 0x4, 0x44, 0x43,

    /* U+2575 "╵" */
    0x6, 0x1, 0xf1, 0x1f, 0x11, 0xf1, 0x1f, 0x11,
    0xf1, 0x1f, 0x11, 0xf1, 0x1f, 0x11, 0xf1, 0x1f,
    0x10,

    /* U+2576 "╶" */
    0x6f, 0xff, 0xf1, 0x24, 0x44, 0x40,

    /* U+2577 "╷" */
    0x1, 0x1, 0xf1, 0x1f, 0x11, 0xf1, 0x1f, 0x11,
    0xf1, 0x1f, 0x11, 0xf1, 0x1f, 0x10, 0xb1,

    /* U+2578 "╸" */
    0x8, 0x88, 0x85, 0x1f, 0xff, 0xfb, 0x1f, 0xff,
    0xfb,

    /* U+2579 "╹" */
    0x26, 0x57, 0xfe, 0x7f, 0xe7, 0xfe, 0x7f, 0xe7,
    0xfe, 0x7f, 0xe7, 0xfe, 0x7f, 0xe7, 0xfe, 0x6f,
    0xd0,

    /* U+257A "╺" */
    0x38, 0x88, 0x80, 0x7f, 0xff, 0xf1, 0x7f, 0xff,
    0xf1,

    /* U+257B "╻" */
    0x1, 0x7, 0xfe, 0x7f, 0xe7, 0xfe, 0x7f, 0xe7,
    0xfe, 0x7f, 0xe7, 0xfe, 0x7f, 0xe5, 0xba,

    /* U+257C "╼" */
    0x0, 0x0, 0x3, 0x88, 0x88, 0x3, 0xee, 0xee,
    0xff, 0xff, 0xf1, 0x16, 0x66, 0x6a, 0xff, 0xff,
    0x10,

    /* U+257D "╽" */
    0x5, 0x20, 0xd5, 0xd, 0x50, 0xd5, 0xd, 0x50,
    0xd5, 0xd, 0x50, 0xd5, 0xd, 0x50, 0xd5, 0xd,
    0x57, 0xfe, 0x7f, 0xe7, 0xfe, 0x7f, 0xe7, 0xfe,
    0x7f, 0xe7, 0xfe, 0x7f, 0xe5, 0xba,

    /* U+257E "╾" */
    0x8, 0x88, 0x85, 0x0, 0x0, 0x1, 0xff, 0xff,
    0xfe, 0xee, 0xe3, 0x1f, 0xff, 0xfd, 0x66, 0x66,
    0x10,

    /* U+257F "╿" */
    0x26, 0x57, 0xfe, 0x7f, 0xe7, 0xfe, 0x7f, 0xe7,
    0xfe, 0x7f, 0xe7, 0xfe, 0x7f, 0xe7, 0xfe, 0x6f,
    0xe0, 0xd5, 0xd, 0x50, 0xd5, 0xd, 0x50, 0xd5,
    0xd, 0x50, 0xd5, 0xd, 0x50, 0xa3,

    /* U+2580 "▀" */
    0x19, 0x99, 0x99, 0x99, 0x99, 0x12, 0xff, 0xff,
    0xff, 0xff, 0xf2, 0x2f, 0xff, 0xff, 0xff, 0xff,
    0x22, 0xff, 0xff, 0xff, 0xff, 0xf2, 0x2f, 0xff,
    0xff, 0xff, 0xff, 0x22, 0xff, 0xff, 0xff, 0xff,
    0xf2, 0x2f, 0xff, 0xff, 0xff, 0xff, 0x22, 0xff,
    0xff, 0xff, 0xff, 0xf2, 0x0, 0x0, 0x0, 0x0,
    0x0, 0x0,

    /* U+2581 "▁" */
    0x0, 0x0, 0x0, 0x0, 0x0, 0x2, 0xff, 0xff,
    0xff, 0xff, 0xf2, 0x1d, 0xdd, 0xdd, 0xdd, 0xdd,
    0x20,

    /* U+2582 "▂" */
    0x0, 0x0, 0x0, 0x0, 0x0, 0x2, 0xff, 0xff,
    0xff, 0xff, 0xf2, 0x2f, 0xff, 0xff, 0xff, 0xff,
    0x22, 0xff, 0xff, 0xff, 0xff, 0xf2, 0x1c, 0xcc,
    0xcc, 0xcc, 0xcc, 0x20,

    /* U+2583 "▃" */
    0x2f, 0xff, 0xff, 0xff, 0xff, 0x22, 0xff, 0xff,
    0xff, 0xff, 0xf2, 0x2f, 0xff, 0xff, 0xff, 0xff,
    0x22, 0xff, 0xff, 0xff, 0xff, 0xf2, 0x2f, 0xff,
    0xff, 0xff, 0xff, 0x21, 0xbb, 0xbb, 0xbb, 0xbb,
    0xb2,

    /* U+2584 "▄" */
    0x2f, 0xff, 0xff, 0xff, 0xff, 0x22, 0xff, 0xff,
    0xff, 0xff, 0xf2, 0x2f, 0xff, 0xff, 0xff, 0xff,
    0x22, 0xff, 0xff, 0xff, 0xff, 0xf2, 0x2f, 0xff,
    0xff, 0xff, 0xff, 0x22, 0xff, 0xff, 0xff, 0xff,
    0xf2, 0x2f, 0xff, 0xff, 0xff, 0xff, 0x21, 0xbb,
    0xbb, 0xbb, 0xbb, 0xb1,

    /* U+2585 "▅" */
    0x2f, 0xff, 0xff, 0xff, 0xff, 0x22, 0xff, 0xff,
    0xff, 0xff, 0xf2, 0x2f, 0xff, 0xff, 0xff, 0xff,
    0x22, 0xff, 0xff, 0xff, 0xff, 0xf2, 0x2f, 0xff,
    0xff, 0xff, 0xff, 0x22, 0xff, 0xff, 0xff, 0xff,
    0xf2, 0x2f, 0xff, 0xff, 0xff, 0xff, 0x22, 0xff,
    0xff, 0xff, 0xff, 0xf2, 0x2f, 0xff, 0xff, 0xff,
    0xff, 0x21, 0x99, 0x99, 0x99, 0x99, 0x91,

    /* U+2586 "▆" */
    0x18, 0x88, 0x88, 0x88, 0x88, 0x12, 0xff, 0xff,
    0xff, 0xff, 0xf2, 0x2f, 0xff, 0xff, 0xff, 0xff,
    0x22, 0xff, 0xff, 0xff, 0xff, 0xf2, 0x2f, 0xff,
    0xff, 0xff, 0xff, 0x22, 0xff, 0xff, 0xff, 0xff,
    0xf2, 0x2f, 0xff, 0xff, 0xff, 0xff, 0x22, 0xff,
    0xff, 0xff, 0xff, 0xf2, 0x2f, 0xff, 0xff, 0xff,
    0xff, 0x22, 0xff, 0xff, 0xff, 0xff, 0xf2, 0x2f,
    0xff, 0xff, 0xff, 0xff, 0x22, 0xff, 0xff, 0xff,
    0xff, 0xf2,

    /* U+2587 "▇" */
    0x6, 0x66, 0x66, 0x66, 0x66, 0x12, 0xff, 0xff,
    0xff, 0xff, 0xf2, 0x2f, 0xff, 0xff, 0xff, 0xff,
    0x22, 0xff, 0xff, 0xff, 0xff, 0xf2, 0x2f, 0xff,
    0xff, 0xff, 0xff, 0x22, 0xff, 0xff, 0xff, 0xff,
    0xf2, 0x2f, 0xff, 0xff, 0xff, 0xff, 0x22, 0xff,
    0xff, 0xff, 0xff, 0xf2, 0x2f, 0xff, 0xff, 0xff,
    0xff, 0x22, 0xff, 0xff, 0xff, 0xff, 0xf2, 0x2f,
    0xff, 0xff, 0xff, 0xff, 0x22, 0xff, 0xff, 0xff,
    0xff, 0xf2, 0x2f, 0xff, 0xff, 0xff, 0xff, 0x22,
    0xff, 0xff, 0xff, 0xff, 0xf2,

    /* U+2588 "█" */
    0x5, 0x55, 0x55, 0x55, 0x55, 0x2, 0xff, 0xff,
    0xff, 0xff, 0xf2, 0x2f, 0xff, 0xff, 0xff, 0xff,
    0x22, 0xff, 0xff, 0xff, 0xff, 0xf2, 0x2f, 0xff,
    0xff, 0xff, 0xff, 0x22, 0xff, 0xff, 0xff, 0xff,
    0xf2, 0x2f, 0xff, 0xff, 0xff, 0xff, 0x22, 0xff,
    0xff, 0xff, 0xff, 0xf2, 0x2f, 0xff, 0xff, 0xff,
    0xff, 0x22, 0xff, 0xff, 0xff, 0xff, 0xf2, 0x2f,
    0xff, 0xff, 0xff, 0xff, 0x22, 0xff, 0xff, 0xff,
    0xff, 0xf2, 0x2f, 0xff, 0xff, 0xff, 0xff, 0x22,
    0xff, 0xff, 0xff, 0xff, 0xf2, 0x2f, 0xff, 0xff,
    0xff, 0xff, 0x22, 0xff, 0xff, 0xff, 0xff, 0xf2,

    /* U+2589 "▉" */
    0x5, 0x55, 0x55, 0x55, 0x50, 0x2f, 0xff, 0xff,
    0xff, 0xf0, 0x2f, 0xff, 0xff, 0xff, 0xf0, 0x2f,
    0xff, 0xff, 0xff, 0xf0, 0x2f, 0xff, 0xff, 0xff,
    0xf0, 0x2f, 0xff, 0xff, 0xff, 0xf0, 0x2f, 0xff,
    0xff, 0xff, 0xf0, 0x2f, 0xff, 0xff, 0xff, 0xf0,
    0x2f, 0xff, 0xff, 0xff, 0xf0, 0x2f, 0xff, 0xff,
    0xff, 0xf0, 0x2f, 0xff, 0xff, 0xff, 0xf0, 0x2f,
    0xff, 0xff, 0xff, 0xf0, 0x2f, 0xff, 0xff, 0xff,
    0xf0, 0x2f, 0xff, 0xff, 0xff, 0xf0, 0x2f, 0xff,
    0xff, 0xff, 0xf0, 0x2f, 0xff, 0xff, 0xff, 0xf0,

    /* U+258A "▊" */
    0x5, 0x55, 0x55, 0x54, 0x1f, 0xff, 0xff, 0xfe,
    0x1f, 0xff, 0xff, 0xfe, 0x1f, 0xff, 0xff, 0xfe,
    0x1f, 0xff, 0xff, 0xfe, 0x1f, 0xff, 0xff, 0xfe,
    0x1f, 0xff, 0xff, 0xfe, 0x1f, 0xff, 0xff, 0xfe,
    0x1f, 0xff, 0xff, 0xfe, 0x1f, 0xff, 0xff, 0xfe,
    0x1f, 0xff, 0xff, 0xfe, 0x1f, 0xff, 0xff, 0xfe,
    0x1f, 0xff, 0xff, 0xfe, 0x1f, 0xff, 0xff, 0xfe,
    0x1f, 0xff, 0xff, 0xfe, 0x1f, 0xff, 0xff, 0xfd,

    /* U+258B "▋" */
    0x5, 0x55, 0x55, 0x41, 0xff, 0xff, 0xfb, 0x1f,
    0xff, 0xff, 0xb1, 0xff, 0xff, 0xfb, 0x1f, 0xff,
    0xff, 0xb1, 0xff, 0xff, 0xfb, 0x1f, 0xff, 0xff,
    0xb1, 0xff, 0xff, 0xfb, 0x1f, 0xff, 0xff, 0xb1,
    0xff, 0xff, 0xfb, 0x1f, 0xff, 0xff, 0xb1, 0xff,
    0xff, 0xfb, 0x1f, 0xff, 0xff, 0xb1, 0xff, 0xff,
    0xfb, 0x1f, 0xff, 0xff, 0xb1, 0xff, 0xff, 0xfb,

    /* U+258C "▌" */
    0x5, 0x55, 0x53, 0x1f, 0xff, 0xf9, 0x1f, 0xff,
    0xf9, 0x1f, 0xff, 0xf9, 0x1f, 0xff, 0xf9, 0x1f,
    0xff, 0xf9, 0x1f, 0xff, 0xf9, 0x1f, 0xff, 0xf9,
    0x1f, 0xff, 0xf9, 0x1f, 0xff, 0xf9, 0x1f, 0xff,
    0xf9, 0x1f, 0xff, 0xf9, 0x1f, 0xff, 0xf9, 0x1f,
    0xff, 0xf9, 0x1f, 0xff, 0xf9, 0x1f, 0xff, 0xf8,

    /* U+258D "▍" */
    0x5, 0x55, 0x12, 0xff, 0xf5, 0x2f, 0xff, 0x52,
    0xff, 0xf5, 0x2f, 0xff, 0x52, 0xff, 0xf5, 0x2f,
    0xff, 0x52, 0xff, 0xf5, 0x2f, 0xff, 0x52, 0xff,
    0xf5, 0x2f, 0xff, 0x52, 0xff, 0xf5, 0x2f, 0xff,
    0x52, 0xff, 0xf5, 0x2f, 0xff, 0x52, 0xff, 0xf5,

    /* U+258E "▎" */
    0x5, 0x51, 0x2f, 0xf3, 0x2f, 0xf3, 0x2f, 0xf3,
    0x2f, 0xf3, 0x2f, 0xf3, 0x2f, 0xf3, 0x2f, 0xf3,
    0x2f, 0xf3, 0x2f, 0xf3, 0x2f, 0xf3, 0x2f, 0xf3,
    0x2f, 0xf3, 0x2f, 0xf3, 0x2f, 0xf3, 0x2f, 0xf2,

    /* U+258F "▏" */
    0x5, 0x2, 0xf0, 0x2f, 0x2, 0xf0, 0x2f, 0x2,
    0xf0, 0x2f, 0x2, 0xf0, 0x2f, 0x2, 0xf0, 0x2f,
    0x2, 0xf0, 0x2f, 0x2, 0xf0, 0x2f, 0x2, 0xf0,

    /* U+2590 "▐" */
    0x35, 0x55, 0x50, 0x9f, 0xff, 0xf1, 0x9f, 0xff,
    0xf1, 0x9f, 0xff, 0xf1, 0x9f, 0xff, 0xf1, 0x9f,
    0xff, 0xf1, 0x9f, 0xff, 0xf1, 0x9f, 0xff, 0xf1,
    0x9f, 0xff, 0xf1, 0x9f, 0xff, 0xf1, 0x9f, 0xff,
    0xf1, 0x9f, 0xff, 0xf1, 0x9f, 0xff, 0xf1, 0x9f,
    0xff, 0xf1, 0x9f, 0xff, 0xf1, 0x8f, 0xff, 0xf1,

    /* U+2591 "░" */
    0x18, 0x0, 0x2, 0x70, 0x0, 0x2f, 0x0, 0x4,
    0xe0, 0x0, 0x6, 0x0, 0x1, 0x50, 0x0, 0x0,
    0xc, 0x30, 0x0, 0xd3, 0x0, 0xe, 0x30, 0x0,
    0xf3, 0x3, 0x0, 0x0, 0x30, 0x0, 0x2f, 0x0,
    0x4, 0xe0, 0x0, 0x18, 0x0, 0x2, 0x70, 0x0,
    0x0, 0xa, 0x20, 0x0, 0xb2, 0x0, 0xe, 0x30,
    0x0, 0xf3, 0x0, 0x2, 0x0, 0x0, 0x20, 0x2f,
    0x0, 0x4, 0xe0, 0x0, 0x2f, 0x0, 0x4, 0xe0,
    0x0, 0x1, 0x0, 0x0, 0x10, 0x0, 0x0, 0xe,
    0x30, 0x0, 0xf3, 0x0, 0xc, 0x30, 0x0, 0xc3,

    /* U+2592 "▒" */
    0x1c, 0xb, 0x23, 0xa0, 0xb2, 0x2, 0xf0, 0xe3,
    0x4e, 0xf, 0x30, 0x2, 0xd3, 0x99, 0xd, 0x19,
    0x50, 0xf, 0x1c, 0xb1, 0xf0, 0xc6, 0x2f, 0x1d,
    0x23, 0xd0, 0xe2, 0x2, 0xf0, 0xe3, 0x4e, 0xf,
    0x30, 0x2, 0xd2, 0xa9, 0xd, 0x1a, 0x50, 0xf,
    0x1c, 0xb1, 0xf0, 0xc6, 0x2f, 0xe, 0x33, 0xd0,
    0xe3, 0x2, 0xf0, 0xe3, 0x4e, 0xf, 0x30, 0x0,
    0xf1, 0xbb, 0x1f, 0xb, 0x60, 0x1e, 0x2a, 0xa0,
    0xe0, 0xa5, 0x2f, 0xe, 0x34, 0xe0, 0xf3, 0x2,
    0xf0, 0xe3, 0x3d, 0xe, 0x30, 0x0, 0xf1, 0xcb,
    0x1f, 0xc, 0x60, 0xd, 0x1a, 0xa1, 0xd0, 0xa5,

    /* U+2593 "▓" */
    0x0, 0x66, 0x63, 0x26, 0x66, 0x10, 0xf, 0xff,
    0x85, 0xff, 0xf2, 0x17, 0xff, 0xfc, 0xaf, 0xff,
    0x22, 0xff, 0x6b, 0xff, 0xf4, 0xf2, 0x2f, 0xf3,
    0x9f, 0xfe, 0xf, 0x22, 0xff, 0xde, 0xff, 0xfd,
    0xf2, 0x0, 0xff, 0xf8, 0x5f, 0xff, 0x20, 0x4f,
    0xff, 0xa8, 0xff, 0xf2, 0x2f, 0xf9, 0xcf, 0xff,
    0x7f, 0x22, 0xff, 0x39, 0xff, 0xe0, 0xf2, 0x2f,
    0xfa, 0xdf, 0xff, 0x9f, 0x20, 0x2f, 0xff, 0x97,
    0xff, 0xf2, 0x0, 0xff, 0xf8, 0x5f, 0xff, 0x22,
    0xff, 0xde, 0xff, 0xfd, 0xf2, 0x2f, 0xf3, 0x9f,
    0xfe, 0xf, 0x21, 0xbb, 0x26, 0xbb, 0xa0, 0xb1,

    /* U+2594 "▔" */
    0x1c, 0xcc, 0xcc, 0xcc, 0xcc, 0x22, 0xff, 0xff,
    0xff, 0xff, 0xf2, 0x2, 0x22, 0x22, 0x22, 0x22,
    0x0,

    /* U+2595 "▕" */
    0x50, 0xf2, 0xf2, 0xf2, 0xf2, 0xf2, 0xf2, 0xf2,
    0xf2, 0xf2, 0xf2, 0xf2, 0xf2, 0xf2, 0xf2, 0xf2,

    /* U+2596 "▖" */
    0x1f, 0xff, 0xf8, 0x1f, 0xff, 0xf9, 0x1f, 0xff,
    0xf9, 0x1f, 0xff, 0xf9, 0x1f, 0xff, 0xf9, 0x1f,
    0xff, 0xf9, 0x1f, 0xff, 0xf9, 0xb, 0xbb, 0xb6,

    /* U+2597 "▗" */
    0x8f, 0xff, 0xf1, 0x9f, 0xff, 0xf1, 0x9f, 0xff,
    0xf1, 0x9f, 0xff, 0xf1, 0x9f, 0xff, 0xf1, 0x9f,
    0xff, 0xf1, 0x9f, 0xff, 0xf1, 0x6b, 0xbb, 0xb0,

    /* U+2598 "▘" */
    0x9, 0x99, 0x95, 0x1f, 0xff, 0xf9, 0x1f, 0xff,
    0xf9, 0x1f, 0xff, 0xf9, 0x1f, 0xff, 0xf9, 0x1f,
    0xff, 0xf9, 0x1f, 0xff, 0xf9, 0x1f, 0xff, 0xf9,
    0x0, 0x0, 0x0,

    /* U+2599 "▙" */
    0x8, 0x88, 0x85, 0x0, 0x0, 0x1, 0xff, 0xff,
    0x90, 0x0, 0x0, 0x1f, 0xff, 0xf9, 0x0, 0x0,
    0x1, 0xff, 0xff, 0x90, 0x0, 0x0, 0x1f, 0xff,
    0xf9, 0x0, 0x0, 0x1, 0xff, 0xff, 0x90, 0x0,
    0x0, 0x1f, 0xff, 0xf9, 0x0, 0x0, 0x1, 0xff,
    0xff, 0x90, 0x0, 0x0, 0x1f, 0xff, 0xff, 0xff,
    0xff, 0x31, 0xff, 0xff, 0xff, 0xff, 0xf3, 0x1f,
    0xff, 0xff, 0xff, 0xff, 0x31, 0xff, 0xff, 0xff,
    0xff, 0xf3, 0x1f, 0xff, 0xff, 0xff, 0xff, 0x31,
    0xff, 0xff, 0xff, 0xff, 0xf3, 0x1f, 0xff, 0xff,
    0xff, 0xff, 0x30, 0xbb, 0xbb, 0xbb, 0xbb, 0xb2,

    /* U+259A "▚" */
    0x9, 0x99, 0x95, 0x0, 0x0, 0x1, 0xff, 0xff,
    0x90, 0x0, 0x0, 0x1f, 0xff, 0xf9, 0x0, 0x0,
    0x1, 0xff, 0xff, 0x90, 0x0, 0x0, 0x1f, 0xff,
    0xf9, 0x0, 0x0, 0x1, 0xff, 0xff, 0x90, 0x0,
    0x0, 0x1f, 0xff, 0xf9, 0x0, 0x0, 0x1, 0xff,
    0xff, 0x90, 0x0, 0x0, 0x0, 0x0, 0x6, 0xff,
    0xff, 0x30, 0x0, 0x0, 0x6f, 0xff, 0xf3, 0x0,
    0x0, 0x6, 0xff, 0xff, 0x30, 0x0, 0x0, 0x6f,
    0xff, 0xf3, 0x0, 0x0, 0x6, 0xff, 0xff, 0x30,
    0x0, 0x0, 0x6f, 0xff, 0xf3, 0x0, 0x0, 0x6,
    0xff, 0xff, 0x30, 0x0, 0x0, 0x4b, 0xbb, 0xb2,

    /* U+259B "▛" */
    0x8, 0x88, 0x88, 0x88, 0x88, 0x21, 0xff, 0xff,
    0xff, 0xff, 0xf3, 0x1f, 0xff, 0xff, 0xff, 0xff,
    0x31, 0xff, 0xff, 0xff, 0xff, 0xf3, 0x1f, 0xff,
    0xff, 0xff, 0xff, 0x31, 0xff, 0xff, 0xff, 0xff,
    0xf3, 0x1f, 0xff, 0xff, 0xff, 0xff, 0x31, 0xff,
    0xff, 0xff, 0xff, 0xf3, 0x1f, 0xff, 0xf9, 0x11,
    0x11, 0x1, 0xff, 0xff, 0x90, 0x0, 0x0, 0x1f,
    0xff, 0xf9, 0x0, 0x0, 0x1, 0xff, 0xff, 0x90,
    0x0, 0x0, 0x1f, 0xff, 0xf9, 0x0, 0x0, 0x1,
    0xff, 0xff, 0x90, 0x0, 0x0, 0x1f, 0xff, 0xf9,
    0x0, 0x0, 0x0, 0xcc, 0xcc, 0x60, 0x0, 0x0,

    /* U+259C "▜" */
    0x8, 0x88, 0x88, 0x88, 0x88, 0x21, 0xff, 0xff,
    0xff, 0xff, 0xf3, 0x1f, 0xff, 0xff, 0xff, 0xff,
    0x31, 0xff, 0xff, 0xff, 0xff, 0xf3, 0x1f, 0xff,
    0xff, 0xff, 0xff, 0x31, 0xff, 0xff, 0xff, 0xff,
    0xf3, 0x1f, 0xff, 0xff, 0xff, 0xff, 0x31, 0xff,
    0xff, 0xff, 0xff, 0xf3, 0x1, 0x11, 0x17, 0xff,
    0xff, 0x30, 0x0, 0x0, 0x6f, 0xff, 0xf3, 0x0,
    0x0, 0x6, 0xff, 0xff, 0x30, 0x0, 0x0, 0x6f,
    0xff, 0xf3, 0x0, 0x0, 0x6, 0xff, 0xff, 0x30,
    0x0, 0x0, 0x6f, 0xff, 0xf3, 0x0, 0x0, 0x6,
    0xff, 0xff, 0x30, 0x0, 0x0, 0x5c, 0xcc, 0xc2,

    /* U+259D "▝" */
    0x59, 0x99, 0x90, 0x9f, 0xff, 0xf1, 0x9f, 0xff,
    0xf1, 0x9f, 0xff, 0xf1, 0x9f, 0xff, 0xf1, 0x9f,
    0xff, 0xf1, 0x9f, 0xff, 0xf1, 0x9f, 0xff, 0xf1,
    0x0, 0x0, 0x0,

    /* U+259E "▞" */
    0x0, 0x0, 0x4, 0x99, 0x99, 0x20, 0x0, 0x0,
    0x6f, 0xff, 0xf3, 0x0, 0x0, 0x6, 0xff, 0xff,
    0x30, 0x0, 0x0, 0x6f, 0xff, 0xf3, 0x0, 0x0,
    0x6, 0xff, 0xff, 0x30, 0x0, 0x0, 0x6f, 0xff,
    0xf3, 0x0, 0x0, 0x6, 0xff, 0xff, 0x30, 0x0,
    0x0, 0x6f, 0xff, 0xf3, 0x1f, 0xff, 0xf9, 0x0,
    0x0, 0x1, 0xff, 0xff, 0x90, 0x0, 0x0, 0x1f,
    0xff, 0xf9, 0x0, 0x0, 0x1, 0xff, 0xff, 0x90,
    0x0, 0x0, 0x1f, 0xff, 0xf9, 0x0, 0x0, 0x1,
    0xff, 0xff, 0x90, 0x0, 0x0, 0x1f, 0xff, 0xf9,
    0x0, 0x0, 0x0, 0xbb, 0xbb, 0x60, 0x0, 0x0,

    /* U+259F "▟" */
    0x0, 0x0, 0x3, 0x88, 0x88, 0x20, 0x0, 0x0,
    0x6f, 0xff, 0xf3, 0x0, 0x0, 0x6, 0xff, 0xff,
    0x30, 0x0, 0x0, 0x6f, 0xff, 0xf3, 0x0, 0x0,
    0x6, 0xff, 0xff, 0x30, 0x0, 0x0, 0x6f, 0xff,
    0xf3, 0x0, 0x0, 0x6, 0xff, 0xff, 0x30, 0x0,
    0x0, 0x6f, 0xff, 0xf3, 0x1f, 0xff, 0xff, 0xff,
    0xff, 0x31, 0xff, 0xff, 0xff, 0xff, 0xf3, 0x1f,
    0xff, 0xff, 0xff, 0xff, 0x31, 0xff, 0xff, 0xff,
    0xff, 0xf3, 0x1f, 0xff, 0xff, 0xff, 0xff, 0x31,
    0xff, 0xff, 0xff, 0xff, 0xf3, 0x1f, 0xff, 0xff,
    0xff, 0xff, 0x30, 0xbb, 0xbb, 0xbb, 0xbb, 0xb2,

    /* U+25A0 "■" */
    0x22, 0x22, 0x22, 0x22, 0x2f, 0xff, 0xff, 0xff,
    0xff, 0xff, 0xff, 0xff, 0xff, 0xff, 0xff, 0xff,
    0xff, 0xff, 0xff, 0xff, 0xff, 0xff, 0xff, 0xff,
    0xff, 0xff, 0xff, 0xff, 0xff, 0xff, 0xff, 0xff,
    0xff, 0xff, 0xff, 0xff, 0xff, 0xff, 0xff, 0xff,
    0xfc, 0xcc, 0xcc, 0xcc, 0xcc,

    /* U+25AC "▬" */
    0x0, 0x0, 0x0, 0x0, 0xf, 0xff, 0xff, 0xff,
    0xff, 0xff, 0xff, 0xff, 0xff, 0xff, 0xff, 0xff,
    0xff, 0xff, 0xff, 0xff, 0xff, 0xff, 0xf3, 0x33,
    0x33, 0x33, 0x33,

    /* U+25B2 "▲" */
    0x0, 0x0, 0x10, 0x0, 0x0, 0x0, 0xc, 0x0,
    0x0, 0x0, 0x6, 0xf7, 0x0, 0x0, 0x0, 0xef,
    0xe0, 0x0, 0x0, 0x6f, 0xff, 0x70, 0x0, 0xe,
    0xff, 0xfe, 0x0, 0x6, 0xff, 0xff, 0xf7, 0x0,
    0xef, 0xff, 0xff, 0xe0, 0x6f, 0xff, 0xff, 0xff,
    0x77, 0x99, 0x99, 0x99, 0x97,

    /* U+25BA "►" */
    0x95, 0x0, 0x0, 0x0, 0xf, 0xff, 0xa5, 0x0,
    0x0, 0xff, 0xff, 0xff, 0xb5, 0x1f, 0xff, 0xff,
    0xfe, 0x93, 0xff, 0xfe, 0x93, 0x0, 0xd, 0x83,
    0x0, 0x0, 0x0, 0x0, 0x0, 0x0, 0x0, 0x0,

    /* U+25BC "▼" */
    0x45, 0x55, 0x55, 0x55, 0x58, 0xff, 0xff, 0xff,
    0xf8, 0x1f, 0xff, 0xff, 0xff, 0x10, 0x8f, 0xff,
    0xff, 0x80, 0x1, 0xff, 0xff, 0xf1, 0x0, 0x8,
    0xff, 0xf8, 0x0, 0x0, 0x1f, 0xff, 0x10, 0x0,
    0x0, 0x8f, 0x80, 0x0, 0x0, 0x1, 0xe1, 0x0,
    0x0, 0x0, 0x2, 0x0, 0x0,

    /* U+25C4 "◄" */
    0x0, 0x0, 0x0, 0x5, 0xa0, 0x0, 0x5, 0xaf,
    0xff, 0x5, 0xaf, 0xff, 0xff, 0xf3, 0x9e, 0xff,
    0xff, 0xff, 0x0, 0x3, 0x8e, 0xff, 0xf0, 0x0,
    0x0, 0x3, 0x8d, 0x0, 0x0, 0x0, 0x0, 0x0,

    /* U+25CB "○" */
    0x0, 0x0, 0x20, 0x0, 0x0, 0x1a, 0xec, 0xea,
    0x10, 0x1d, 0x60, 0x0, 0x6d, 0x19, 0x60, 0x0,
    0x0, 0x69, 0xd0, 0x0, 0x0, 0x0, 0xde, 0x0,
    0x0, 0x0, 0xe, 0xc2, 0x0, 0x0, 0x2, 0xc5,
    0xb0, 0x0, 0x0, 0xb6, 0x8, 0xc5, 0x25, 0xc8,
    0x0, 0x3, 0x9b, 0x93, 0x0,

    /* U+25D8 "◘" */
    0x1c, 0xcc, 0xcc, 0xcc, 0xcc, 0x22, 0xff, 0xff,
    0xff, 0xff, 0xf2, 0x2f, 0xff, 0xff, 0xff, 0xff,
    0x22, 0xff, 0xff, 0xff, 0xff, 0xf2, 0x2f, 0xff,
    0x51, 0x5f, 0xff, 0x22, 0xff, 0x80, 0x0, 0x7f,
    0xf2, 0x2f, 0xf6, 0x0, 0x5, 0xff, 0x22, 0xff,
    0xb0, 0x0, 0xbf, 0xf2, 0x2f, 0xff, 0xc8, 0xcf,
    0xff, 0x22, 0xff, 0xff, 0xff, 0xff, 0xf2, 0x2f,
    0xff, 0xff, 0xff, 0xff, 0x22, 0xff, 0xff, 0xff,
    0xff, 0xf2, 0x0, 0x0, 0x0, 0x0, 0x0, 0x0,

    /* U+25D9 "◙" */
    0x5, 0x55, 0x55, 0x55, 0x55, 0x3, 0xff, 0xff,
    0xff, 0xff, 0xf3, 0x3f, 0xff, 0xff, 0xff, 0xff,
    0x33, 0xff, 0xff, 0xdf, 0xff, 0xf3, 0x3f, 0xe5,
    0x25, 0x25, 0xef, 0x33, 0xe2, 0xbf, 0xff, 0xa2,
    0xe3, 0x36, 0xaf, 0xff, 0xff, 0x96, 0x33, 0x1f,
    0xff, 0xff, 0xff, 0x13, 0x31, 0xff, 0xff, 0xff,
    0xf1, 0x33, 0x2d, 0xff, 0xff, 0xfd, 0x23, 0x39,
    0x4f, 0xff, 0xff, 0x49, 0x33, 0xf6, 0x3a, 0xda,
    0x26, 0xf3, 0x3f, 0xfb, 0x53, 0x5b, 0xff, 0x33,
    0xff, 0xff, 0xff, 0xff, 0xf3, 0x3f, 0xff, 0xff,
    0xff, 0xff, 0x32, 0xff, 0xff, 0xff, 0xff, 0xf2,

    /* U+263A "☺" */
    0x0, 0x5b, 0xdb, 0x50, 0x0, 0x8b, 0x20, 0x2b,
    0x90, 0x4c, 0x24, 0x4, 0x2b, 0x4a, 0x45, 0x90,
    0x95, 0x3a, 0xb2, 0x30, 0x0, 0x31, 0xca, 0x44,
    0x70, 0x64, 0x3a, 0x4c, 0x5, 0x95, 0xb, 0x40,
    0x8b, 0x20, 0x2a, 0x90, 0x0, 0x5b, 0xdb, 0x50,
    0x0,

    /* U+263B "☻" */
    0x0, 0x39, 0xb9, 0x40, 0x0, 0x7f, 0xff, 0xff,
    0x70, 0x3f, 0x57, 0xfb, 0x4f, 0x4a, 0xf4, 0x7f,
    0xb3, 0xfa, 0xbf, 0xef, 0xff, 0xef, 0xca, 0xf5,
    0xef, 0xf5, 0xfa, 0x4f, 0xc3, 0x54, 0xcf, 0x40,
    0x8f, 0xff, 0xff, 0x80, 0x0, 0x4a, 0xca, 0x40,
    0x0,

    /* U+263C "☼" */
    0x0, 0x0, 0x70, 0x0, 0x0, 0x3, 0x50, 0x80,
    0x8, 0x0, 0x0, 0x63, 0x85, 0x51, 0x0, 0x0,
    0xa, 0x16, 0x60, 0x0, 0x48, 0x39, 0x0, 0x98,
    0x80, 0x0, 0x6, 0x9a, 0x40, 0x0, 0x1, 0x90,
    0x40, 0x56, 0x0, 0x3, 0x0, 0x80, 0x3, 0x0,
    0x0, 0x0, 0x40, 0x0, 0x0,

    /* U+2640 "♀" */
    0x2, 0xac, 0xa3, 0x3, 0xf7, 0x47, 0xf4, 0xc6,
    0x0, 0x6, 0xce, 0x30, 0x0, 0x2e, 0xc6, 0x0,
    0x6, 0xc3, 0xe8, 0x48, 0xf3, 0x2, 0x8f, 0x92,
    0x0, 0x0, 0xf1, 0x0, 0x5, 0xbf, 0xc8, 0x0,
    0x0, 0xf0, 0x0, 0x0, 0x8, 0x0, 0x0,

    /* U+2642 "♂" */
    0x0, 0x0, 0x3, 0xcd, 0xb0, 0x0, 0x0, 0x3,
    0xdd, 0x2, 0xab, 0x95, 0xe3, 0xc2, 0xe7, 0x49,
    0xf5, 0x3, 0xa7, 0x0, 0x9, 0x90, 0xc, 0x30,
    0x0, 0x4b, 0x0, 0xa6, 0x0, 0x7, 0xa0, 0x2,
    0xe6, 0x26, 0xe2, 0x0, 0x2, 0xad, 0xa2, 0x0,
    0x0,

    /* U+2660 "♠" */
    0x0, 0x0, 0x90, 0x0, 0x0, 0x0, 0x7f, 0x70,
    0x0, 0x0, 0x4f, 0xff, 0x30, 0x0, 0x1e, 0xff,
    0xfe, 0x10, 0xb, 0xff, 0xff, 0xfb, 0x0, 0xff,
    0xff, 0xff, 0xf0, 0xe, 0xff, 0x9e, 0xfe, 0x0,
    0x39, 0x47, 0x3a, 0x30, 0x0, 0x0, 0xe0, 0x0,
    0x0, 0x0, 0x0, 0x0, 0x0,

    /* U+2663 "♣" */
    0x0, 0x7, 0xec, 0x10, 0x0, 0x2, 0xff, 0xf9,
    0x0, 0x0, 0x2f, 0xff, 0x90, 0x0, 0x0, 0xbf,
    0xf3, 0x0, 0xb, 0xff, 0xff, 0xfe, 0x26, 0xff,
    0xff, 0xff, 0xf9, 0x4f, 0xff, 0xbf, 0xff, 0x80,
    0x8d, 0x86, 0x4c, 0xb1, 0x0, 0x0, 0xb2, 0x0,
    0x0, 0x0, 0x0, 0x0, 0x0,

    /* U+2665 "♥" */
    0x1c, 0xe7, 0x6, 0xec, 0x2b, 0xff, 0xf6, 0xff,
    0xfb, 0xef, 0xff, 0xff, 0xff, 0xeb, 0xff, 0xff,
    0xff, 0xfb, 0x3f, 0xff, 0xff, 0xff, 0x30, 0x6f,
    0xff, 0xff, 0x70, 0x0, 0x9f, 0xff, 0x90, 0x0,
    0x0, 0xcf, 0xc0, 0x0, 0x0, 0x1, 0xc1, 0x0,
    0x0, 0x0, 0x0, 0x0, 0x0,

    /* U+2666 "♦" */
    0x0, 0xa, 0x0, 0x0, 0x9, 0xfa, 0x0, 0x5,
    0xff, 0xf6, 0x2, 0xff, 0xff, 0xf3, 0xcf, 0xff,
    0xff, 0xc3, 0xff, 0xff, 0xf4, 0x7, 0xff, 0xf7,
    0x0, 0xa, 0xfb, 0x0, 0x0, 0xb, 0x10, 0x0,
    0x0, 0x0, 0x0,

    /* U+266A "♪" */
    0x0, 0x6, 0x0, 0x0, 0x0, 0xeb, 0x40, 0x0,
    0xc, 0x8e, 0x90, 0x0, 0xb0, 0xa, 0x0, 0xb,
    0x1, 0x30, 0x0, 0xb0, 0x0, 0x0, 0xb, 0x0,
    0x0, 0x0, 0xb0, 0x0, 0x5, 0x3b, 0x0, 0xb,
    0xff, 0xc0, 0x0, 0x6d, 0xc4, 0x0, 0x0,

    /* U+266B "♫" */
    0x0, 0x4, 0x40, 0x0, 0x0, 0x0, 0x9f, 0xfa,
    0x50, 0x0, 0x8, 0x38, 0xdf, 0x0, 0x0, 0x80,
    0x0, 0x80, 0x0, 0x8, 0x0, 0x7, 0x0, 0x0,
    0x80, 0x0, 0x70, 0x0, 0x8, 0x0, 0x7, 0x0,
    0x0, 0x80, 0x0, 0x70, 0x4, 0x69, 0x0, 0x7,
    0x2, 0xff, 0xe0, 0x0, 0x70, 0x9, 0xb5, 0xd,
    0xfe, 0x0, 0x0, 0x0, 0xef, 0xb0, 0x0, 0x0,
    0x0, 0x20, 0x0
};


/*---------------------
 *  GLYPH DESCRIPTION
 *--------------------*/

static const lv_font_fmt_txt_glyph_dsc_t glyph_dsc[] = {
    {.bitmap_index = 0, .adv_w = 0, .box_w = 0, .box_h = 0, .ofs_x = 0, .ofs_y = 0} /* id = 0 reserved */,
    {.bitmap_index = 0, .adv_w = 144, .box_w = 0, .box_h = 0, .ofs_x = 0, .ofs_y = 0},
    {.bitmap_index = 0, .adv_w = 144, .box_w = 3, .box_h = 12, .ofs_x = 3, .ofs_y = 0},
    {.bitmap_index = 18, .adv_w = 144, .box_w = 6, .box_h = 5, .ofs_x = 1, .ofs_y = 7},
    {.bitmap_index = 33, .adv_w = 144, .box_w = 10, .box_h = 12, .ofs_x = 0, .ofs_y = 0},
    {.bitmap_index = 93, .adv_w = 144, .box_w = 8, .box_h = 15, .ofs_x = 1, .ofs_y = -3},
    {.bitmap_index = 153, .adv_w = 144, .box_w = 9, .box_h = 11, .ofs_x = 0, .ofs_y = 0},
    {.bitmap_index = 203, .adv_w = 144, .box_w = 9, .box_h = 12, .ofs_x = 0, .ofs_y = 0},
    {.bitmap_index = 257, .adv_w = 144, .box_w = 3, .box_h = 5, .ofs_x = 3, .ofs_y = 7},
    {.bitmap_index = 265, .adv_w = 144, .box_w = 5, .box_h = 15, .ofs_x = 2, .ofs_y = -1},
    {.bitmap_index = 303, .adv_w = 144, .box_w = 4, .box_h = 15, .ofs_x = 2, .ofs_y = -1},
    {.bitmap_index = 333, .adv_w = 144, .box_w = 9, .box_h = 10, .ofs_x = 0, .ofs_y = 0},
    {.bitmap_index = 378, .adv_w = 144, .box_w = 9, .box_h = 9, .ofs_x = 0, .ofs_y = 1},
    {.bitmap_index = 419, .adv_w = 144, .box_w = 4, .box_h = 6, .ofs_x = 2, .ofs_y = -3},
    {.bitmap_index = 431, .adv_w = 144, .box_w = 9, .box_h = 3, .ofs_x = 0, .ofs_y = 4},
    {.bitmap_index = 445, .adv_w = 144, .box_w = 4, .box_h = 4, .ofs_x = 2, .ofs_y = 0},
    {.bitmap_index = 453, .adv_w = 144, .box_w = 8, .box_h = 13, .ofs_x = 0, .ofs_y = -1},
    {.bitmap_index = 505, .adv_w = 144, .box_w = 9, .box_h = 12, .ofs_x = 0, .ofs_y = 0},
    {.bitmap_index = 559, .adv_w = 144, .box_w = 8, .box_h = 12, .ofs_x = 1, .ofs_y = 0},
    {.bitmap_index = 607, .adv_w = 144, .box_w = 7, .box_h = 12, .ofs_x = 1, .ofs_y = 0},
    {.bitmap_index = 649, .adv_w = 144, .box_w = 7, .box_h = 12, .ofs_x = 1, .ofs_y = 0},
    {.bitmap_index = 691, .adv_w = 144, .box_w = 9, .box_h = 12, .ofs_x = 0, .ofs_y = 0},
    {.bitmap_index = 745, .adv_w = 144, .box_w = 7, .box_h = 12, .ofs_x = 1, .ofs_y = 0},
    {.bitmap_index = 787, .adv_w = 144, .box_w = 9, .box_h = 12, .ofs_x = 0, .ofs_y = 0},
    {.bitmap_index = 841, .adv_w = 144, .box_w = 7, .box_h = 12, .ofs_x = 1, .ofs_y = 0},
    {.bitmap_index = 883, .adv_w = 144, .box_w = 9, .box_h = 12, .ofs_x = 0, .ofs_y = 0},
    {.bitmap_index = 937, .adv_w = 144, .box_w = 9, .box_h = 12, .ofs_x = 0, .ofs_y = 0},
    {.bitmap_index = 991, .adv_w = 144, .box_w = 3, .box_h = 9, .ofs_x = 3, .ofs_y = 0},
    {.bitmap_index = 1005, .adv_w = 144, .box_w = 4, .box_h = 11, .ofs_x = 2, .ofs_y = -2},
    {.bitmap_index = 1027, .adv_w = 144, .box_w = 9, .box_h = 8, .ofs_x = 0, .ofs_y = 1},
    {.bitmap_index = 1063, .adv_w = 144, .box_w = 9, .box_h = 7, .ofs_x = 0, .ofs_y = 2},
    {.bitmap_index = 1095, .adv_w = 144, .box_w = 9, .box_h = 8, .ofs_x = 0, .ofs_y = 1},
    {.bitmap_index = 1131, .adv_w = 144, .box_w = 7, .box_h = 12, .ofs_x = 1, .ofs_y = 0},
    {.bitmap_index = 1173, .adv_w = 144, .box_w = 9, .box_h = 14, .ofs_x = 0, .ofs_y = -3},
    {.bitmap_index = 1236, .adv_w = 144, .box_w = 9, .box_h = 12, .ofs_x = 0, .ofs_y = 0},
    {.bitmap_index = 1290, .adv_w = 144, .box_w = 8, .box_h = 12, .ofs_x = 1, .ofs_y = 0},
    {.bitmap_index = 1338, .adv_w = 144, .box_w = 7, .box_h = 12, .ofs_x = 1, .ofs_y = 0},
    {.bitmap_index = 1380, .adv_w = 144, .box_w = 8, .box_h = 12, .ofs_x = 1, .ofs_y = 0},
    {.bitmap_index = 1428, .adv_w = 144, .box_w = 8, .box_h = 12, .ofs_x = 1, .ofs_y = 0},
    {.bitmap_index = 1476, .adv_w = 144, .box_w = 8, .box_h = 12, .ofs_x = 1, .ofs_y = 0},
    {.bitmap_index = 1524, .adv_w = 144, .box_w = 9, .box_h = 12, .ofs_x = 0, .ofs_y = 0},
    {.bitmap_index = 1578, .adv_w = 144, .box_w = 8, .box_h = 12, .ofs_x = 1, .ofs_y = 0},
    {.bitmap_index = 1626, .adv_w = 144, .box_w = 7, .box_h = 12, .ofs_x = 1, .ofs_y = 0},
    {.bitmap_index = 1668, .adv_w = 144, .box_w = 7, .box_h = 12, .ofs_x = 0, .ofs_y = 0},
    {.bitmap_index = 1710, .adv_w = 144, .box_w = 8, .box_h = 12, .ofs_x = 1, .ofs_y = 0},
    {.bitmap_index = 1758, .adv_w = 144, .box_w = 8, .box_h = 12, .ofs_x = 1, .ofs_y = 0},
    {.bitmap_index = 1806, .adv_w = 144, .box_w = 9, .box_h = 12, .ofs_x = 0, .ofs_y = 0},
    {.bitmap_index = 1860, .adv_w = 144, .box_w = 9, .box_h = 12, .ofs_x = 0, .ofs_y = 0},
    {.bitmap_index = 1914, .adv_w = 144, .box_w = 9, .box_h = 12, .ofs_x = 0, .ofs_y = 0},
    {.bitmap_index = 1968, .adv_w = 144, .box_w = 8, .box_h = 12, .ofs_x = 1, .ofs_y = 0},
    {.bitmap_index = 2016, .adv_w = 144, .box_w = 9, .box_h = 14, .ofs_x = 0, .ofs_y = -2},
    {.bitmap_index = 2079, .adv_w = 144, .box_w = 9, .box_h = 12, .ofs_x = 1, .ofs_y = 0},
    {.bitmap_index = 2133, .adv_w = 144, .box_w = 8, .box_h = 12, .ofs_x = 1, .ofs_y = 0},
    {.bitmap_index = 2181, .adv_w = 144, .box_w = 9, .box_h = 12, .ofs_x = 0, .ofs_y = 0},
    {.bitmap_index = 2235, .adv_w = 144, .box_w = 7, .box_h = 12, .ofs_x = 1, .ofs_y = 0},
    {.bitmap_index = 2277, .adv_w = 144, .box_w = 9, .box_h = 12, .ofs_x = 0, .ofs_y = 0},
    {.bitmap_index = 2331, .adv_w = 144, .box_w = 10, .box_h = 12, .ofs_x = 0, .ofs_y = 0},
    {.bitmap_index = 2391, .adv_w = 144, .box_w = 9, .box_h = 12, .ofs_x = 0, .ofs_y = 0},
    {.bitmap_index = 2445, .adv_w = 144, .box_w = 9, .box_h = 12, .ofs_x = 0, .ofs_y = 0},
    {.bitmap_index = 2499, .adv_w = 144, .box_w = 8, .box_h = 12, .ofs_x = 1, .ofs_y = 0},
    {.bitmap_index = 2547, .adv_w = 144, .box_w = 4, .box_h = 15, .ofs_x = 4, .ofs_y = -2},
    {.bitmap_index = 2577, .adv_w = 144, .box_w = 8, .box_h = 13, .ofs_x = 0, .ofs_y = -1},
    {.bitmap_index = 2629, .adv_w = 144, .box_w = 4, .box_h = 15, .ofs_x = 2, .ofs_y = -2},
    {.bitmap_index = 2659, .adv_w = 144, .box_w = 9, .box_h = 5, .ofs_x = 0, .ofs_y = 7},
    {.bitmap_index = 2682, .adv_w = 144, .box_w = 9, .box_h = 3, .ofs_x = 0, .ofs_y = -4},
    {.bitmap_index = 2696, .adv_w = 144, .box_w = 4, .box_h = 3, .ofs_x = 2, .ofs_y = 10},
    {.bitmap_index = 2702, .adv_w = 144, .box_w = 8, .box_h = 9, .ofs_x = 0, .ofs_y = 0},
    {.bitmap_index = 2738, .adv_w = 144, .box_w = 8, .box_h = 12, .ofs_x = 1, .ofs_y = 0},
    {.bitmap_index = 2786, .adv_w = 144, .box_w = 7, .box_h = 9, .ofs_x = 1, .ofs_y = 0},
    {.bitmap_index = 2818, .adv_w = 144, .box_w = 8, .box_h = 12, .ofs_x = 0, .ofs_y = 0},
    {.bitmap_index = 2866, .adv_w = 144, .box_w = 9, .box_h = 9, .ofs_x = 0, .ofs_y = 0},
    {.bitmap_index = 2907, .adv_w = 144, .box_w = 7, .box_h = 12, .ofs_x = 1, .ofs_y = 0},
    {.bitmap_index = 2949, .adv_w = 144, .box_w = 8, .box_h = 12, .ofs_x = 0, .ofs_y = -3},
    {.bitmap_index = 2997, .adv_w = 144, .box_w = 7, .box_h = 12, .ofs_x = 1, .ofs_y = 0},
    {.bitmap_index = 3039, .adv_w = 144, .box_w = 8, .box_h = 12, .ofs_x = 1, .ofs_y = 0},
    {.bitmap_index = 3087, .adv_w = 144, .box_w = 5, .box_h = 15, .ofs_x = 1, .ofs_y = -3},
    {.bitmap_index = 3125, .adv_w = 144, .box_w = 8, .box_h = 12, .ofs_x = 1, .ofs_y = 0},
    {.bitmap_index = 3173, .adv_w = 144, .box_w = 8, .box_h = 12, .ofs_x = 1, .ofs_y = 0},
    {.bitmap_index = 3221, .adv_w = 144, .box_w = 9, .box_h = 9, .ofs_x = 0, .ofs_y = 0},
    {.bitmap_index = 3262, .adv_w = 144, .box_w = 7, .box_h = 9, .ofs_x = 1, .ofs_y = 0},
    {.bitmap_index = 3294, .adv_w = 144, .box_w = 8, .box_h = 9, .ofs_x = 1, .ofs_y = 0},
    {.bitmap_index = 3330, .adv_w = 144, .box_w = 8, .box_h = 12, .ofs_x = 1, .ofs_y = -3},
    {.bitmap_index = 3378, .adv_w = 144, .box_w = 7, .box_h = 12, .ofs_x = 1, .ofs_y = -3},
    {.bitmap_index = 3420, .adv_w = 144, .box_w = 7, .box_h = 9, .ofs_x = 2, .ofs_y = 0},
    {.bitmap_index = 3452, .adv_w = 144, .box_w = 7, .box_h = 9, .ofs_x = 1, .ofs_y = 0},
    {.bitmap_index = 3484, .adv_w = 144, .box_w = 8, .box_h = 12, .ofs_x = 0, .ofs_y = 0},
    {.bitmap_index = 3532, .adv_w = 144, .box_w = 7, .box_h = 9, .ofs_x = 1, .ofs_y = 0},
    {.bitmap_index = 3564, .adv_w = 144, .box_w = 9, .box_h = 9, .ofs_x = 0, .ofs_y = 0},
    {.bitmap_index = 3605, .adv_w = 144, .box_w = 10, .box_h = 9, .ofs_x = 0, .ofs_y = 0},
    {.bitmap_index = 3650, .adv_w = 144, .box_w = 9, .box_h = 9, .ofs_x = 0, .ofs_y = 0},
    {.bitmap_index = 3691, .adv_w = 144, .box_w = 9, .box_h = 12, .ofs_x = 0, .ofs_y = -3},
    {.bitmap_index = 3745, .adv_w = 144, .box_w = 7, .box_h = 9, .ofs_x = 1, .ofs_y = 0},
    {.bitmap_index = 3777, .adv_w = 144, .box_w = 7, .box_h = 16, .ofs_x = 1, .ofs_y = -2},
    {.bitmap_index = 3833, .adv_w = 144, .box_w = 2, .box_h = 16, .ofs_x = 4, .ofs_y = -4},
    {.bitmap_index = 3849, .adv_w = 144, .box_w = 7, .box_h = 16, .ofs_x = 1, .ofs_y = -2},
    {.bitmap_index = 3905, .adv_w = 144, .box_w = 9, .box_h = 6, .ofs_x = 0, .ofs_y = 2},
    {.bitmap_index = 3932, .adv_w = 144, .box_w = 0, .box_h = 0, .ofs_x = 0, .ofs_y = 0},
    {.bitmap_index = 3932, .adv_w = 144, .box_w = 3, .box_h = 12, .ofs_x = 3, .ofs_y = 0},
    {.bitmap_index = 3950, .adv_w = 144, .box_w = 7, .box_h = 14, .ofs_x = 1, .ofs_y = -2},
    {.bitmap_index = 3999, .adv_w = 144, .box_w = 8, .box_h = 12, .ofs_x = 1, .ofs_y = 0},
    {.bitmap_index = 4047, .adv_w = 144, .box_w = 8, .box_h = 7, .ofs_x = 1, .ofs_y = 1},
    {.bitmap_index = 4075, .adv_w = 144, .box_w = 9, .box_h = 12, .ofs_x = 0, .ofs_y = 0},
    {.bitmap_index = 4129, .adv_w = 144, .box_w = 3, .box_h = 14, .ofs_x = 3, .ofs_y = -3},
    {.bitmap_index = 4150, .adv_w = 144, .box_w = 7, .box_h = 14, .ofs_x = 1, .ofs_y = -2},
    {.bitmap_index = 4199, .adv_w = 144, .box_w = 5, .box_h = 2, .ofs_x = 2, .ofs_y = 11},
    {.bitmap_index = 4204, .adv_w = 144, .box_w = 10, .box_h = 10, .ofs_x = 0, .ofs_y = 1},
    {.bitmap_index = 4254, .adv_w = 144, .box_w = 7, .box_h = 8, .ofs_x = 1, .ofs_y = 3},
    {.bitmap_index = 4282, .adv_w = 144, .box_w = 8, .box_h = 8, .ofs_x = 0, .ofs_y = 1},
    {.bitmap_index = 4314, .adv_w = 144, .box_w = 9, .box_h = 5, .ofs_x = 0, .ofs_y = 3},
    {.bitmap_index = 4337, .adv_w = 144, .box_w = 9, .box_h = 3, .ofs_x = 0, .ofs_y = 4},
    {.bitmap_index = 4351, .adv_w = 144, .box_w = 10, .box_h = 10, .ofs_x = 0, .ofs_y = 1},
    {.bitmap_index = 4401, .adv_w = 144, .box_w = 9, .box_h = 2, .ofs_x = 0, .ofs_y = 10},
    {.bitmap_index = 4410, .adv_w = 144, .box_w = 5, .box_h = 5, .ofs_x = 2, .ofs_y = 7},
    {.bitmap_index = 4423, .adv_w = 144, .box_w = 9, .box_h = 11, .ofs_x = 0, .ofs_y = 0},
    {.bitmap_index = 4473, .adv_w = 144, .box_w = 5, .box_h = 6, .ofs_x = 2, .ofs_y = 5},
    {.bitmap_index = 4488, .adv_w = 144, .box_w = 5, .box_h = 6, .ofs_x = 2, .ofs_y = 5},
    {.bitmap_index = 4503, .adv_w = 144, .box_w = 4, .box_h = 3, .ofs_x = 3, .ofs_y = 10},
    {.bitmap_index = 4509, .adv_w = 144, .box_w = 8, .box_h = 12, .ofs_x = 1, .ofs_y = -3},
    {.bitmap_index = 4557, .adv_w = 144, .box_w = 8, .box_h = 14, .ofs_x = 0, .ofs_y = -2},
    {.bitmap_index = 4613, .adv_w = 144, .box_w = 3, .box_h = 3, .ofs_x = 3, .ofs_y = 4},
    {.bitmap_index = 4618, .adv_w = 144, .box_w = 4, .box_h = 4, .ofs_x = 2, .ofs_y = -3},
    {.bitmap_index = 4626, .adv_w = 144, .box_w = 5, .box_h = 6, .ofs_x = 2, .ofs_y = 5},
    {.bitmap_index = 4641, .adv_w = 144, .box_w = 7, .box_h = 8, .ofs_x = 1, .ofs_y = 3},
    {.bitmap_index = 4669, .adv_w = 144, .box_w = 8, .box_h = 8, .ofs_x = 1, .ofs_y = 1},
    {.bitmap_index = 4701, .adv_w = 144, .box_w = 9, .box_h = 16, .ofs_x = 0, .ofs_y = -3},
    {.bitmap_index = 4773, .adv_w = 144, .box_w = 9, .box_h = 16, .ofs_x = 0, .ofs_y = -2},
    {.bitmap_index = 4845, .adv_w = 144, .box_w = 9, .box_h = 16, .ofs_x = 0, .ofs_y = -3},
    {.bitmap_index = 4917, .adv_w = 144, .box_w = 7, .box_h = 12, .ofs_x = 1, .ofs_y = 0},
    {.bitmap_index = 4959, .adv_w = 144, .box_w = 9, .box_h = 15, .ofs_x = 0, .ofs_y = 0},
    {.bitmap_index = 5027, .adv_w = 144, .box_w = 9, .box_h = 15, .ofs_x = 0, .ofs_y = 0},
    {.bitmap_index = 5095, .adv_w = 144, .box_w = 9, .box_h = 15, .ofs_x = 0, .ofs_y = 0},
    {.bitmap_index = 5163, .adv_w = 144, .box_w = 9, .box_h = 15, .ofs_x = 0, .ofs_y = 0},
    {.bitmap_index = 5231, .adv_w = 144, .box_w = 9, .box_h = 15, .ofs_x = 0, .ofs_y = 0},
    {.bitmap_index = 5299, .adv_w = 144, .box_w = 9, .box_h = 15, .ofs_x = 0, .ofs_y = 0},
    {.bitmap_index = 5367, .adv_w = 144, .box_w = 9, .box_h = 12, .ofs_x = 0, .ofs_y = 0},
    {.bitmap_index = 5421, .adv_w = 144, .box_w = 7, .box_h = 15, .ofs_x = 1, .ofs_y = -3},
    {.bitmap_index = 5474, .adv_w = 144, .box_w = 8, .box_h = 15, .ofs_x = 1, .ofs_y = 0},
    {.bitmap_index = 5534, .adv_w = 144, .box_w = 8, .box_h = 15, .ofs_x = 1, .ofs_y = 0},
    {.bitmap_index = 5594, .adv_w = 144, .box_w = 8, .box_h = 15, .ofs_x = 1, .ofs_y = 0},
    {.bitmap_index = 5654, .adv_w = 144, .box_w = 8, .box_h = 15, .ofs_x = 1, .ofs_y = 0},
    {.bitmap_index = 5714, .adv_w = 144, .box_w = 7, .box_h = 15, .ofs_x = 1, .ofs_y = 0},
    {.bitmap_index = 5767, .adv_w = 144, .box_w = 7, .box_h = 15, .ofs_x = 1, .ofs_y = 0},
    {.bitmap_index = 5820, .adv_w = 144, .box_w = 7, .box_h = 15, .ofs_x = 1, .ofs_y = 0},
    {.bitmap_index = 5873, .adv_w = 144, .box_w = 7, .box_h = 15, .ofs_x = 1, .ofs_y = 0},
    {.bitmap_index = 5926, .adv_w = 144, .box_w = 9, .box_h = 12, .ofs_x = 0, .ofs_y = 0},
    {.bitmap_index = 5980, .adv_w = 144, .box_w = 9, .box_h = 15, .ofs_x = 0, .ofs_y = 0},
    {.bitmap_index = 6048, .adv_w = 144, .box_w = 9, .box_h = 15, .ofs_x = 0, .ofs_y = 0},
    {.bitmap_index = 6116, .adv_w = 144, .box_w = 9, .box_h = 15, .ofs_x = 0, .ofs_y = 0},
    {.bitmap_index = 6184, .adv_w = 144, .box_w = 9, .box_h = 15, .ofs_x = 0, .ofs_y = 0},
    {.bitmap_index = 6252, .adv_w = 144, .box_w = 9, .box_h = 15, .ofs_x = 0, .ofs_y = 0},
    {.bitmap_index = 6320, .adv_w = 144, .box_w = 9, .box_h = 15, .ofs_x = 0, .ofs_y = 0},
    {.bitmap_index = 6388, .adv_w = 144, .box_w = 7, .box_h = 8, .ofs_x = 1, .ofs_y = 1},
    {.bitmap_index = 6416, .adv_w = 144, .box_w = 9, .box_h = 14, .ofs_x = 0, .ofs_y = -1},
    {.bitmap_index = 6479, .adv_w = 144, .box_w = 7, .box_h = 15, .ofs_x = 1, .ofs_y = 0},
    {.bitmap_index = 6532, .adv_w = 144, .box_w = 7, .box_h = 15, .ofs_x = 1, .ofs_y = 0},
    {.bitmap_index = 6585, .adv_w = 144, .box_w = 7, .box_h = 15, .ofs_x = 1, .ofs_y = 0},
    {.bitmap_index = 6638, .adv_w = 144, .box_w = 7, .box_h = 15, .ofs_x = 1, .ofs_y = 0},
    {.bitmap_index = 6691, .adv_w = 144, .box_w = 9, .box_h = 15, .ofs_x = 0, .ofs_y = 0},
    {.bitmap_index = 6759, .adv_w = 144, .box_w = 8, .box_h = 12, .ofs_x = 1, .ofs_y = 0},
    {.bitmap_index = 6807, .adv_w = 144, .box_w = 8, .box_h = 12, .ofs_x = 1, .ofs_y = 0},
    {.bitmap_index = 6855, .adv_w = 144, .box_w = 8, .box_h = 13, .ofs_x = 0, .ofs_y = 0},
    {.bitmap_index = 6907, .adv_w = 144, .box_w = 8, .box_h = 13, .ofs_x = 0, .ofs_y = 0},
    {.bitmap_index = 6959, .adv_w = 144, .box_w = 8, .box_h = 13, .ofs_x = 0, .ofs_y = 0},
    {.bitmap_index = 7011, .adv_w = 144, .box_w = 8, .box_h = 12, .ofs_x = 0, .ofs_y = 0},
    {.bitmap_index = 7059, .adv_w = 144, .box_w = 8, .box_h = 12, .ofs_x = 0, .ofs_y = 0},
    {.bitmap_index = 7107, .adv_w = 144, .box_w = 8, .box_h = 14, .ofs_x = 0, .ofs_y = 0},
    {.bitmap_index = 7163, .adv_w = 144, .box_w = 9, .box_h = 9, .ofs_x = 0, .ofs_y = 0},
    {.bitmap_index = 7204, .adv_w = 144, .box_w = 7, .box_h = 12, .ofs_x = 1, .ofs_y = -3},
    {.bitmap_index = 7246, .adv_w = 144, .box_w = 9, .box_h = 13, .ofs_x = 0, .ofs_y = 0},
    {.bitmap_index = 7305, .adv_w = 144, .box_w = 9, .box_h = 13, .ofs_x = 0, .ofs_y = 0},
    {.bitmap_index = 7364, .adv_w = 144, .box_w = 9, .box_h = 13, .ofs_x = 0, .ofs_y = 0},
    {.bitmap_index = 7423, .adv_w = 144, .box_w = 9, .box_h = 12, .ofs_x = 0, .ofs_y = 0},
    {.bitmap_index = 7477, .adv_w = 144, .box_w = 7, .box_h = 13, .ofs_x = 1, .ofs_y = 0},
    {.bitmap_index = 7523, .adv_w = 144, .box_w = 7, .box_h = 13, .ofs_x = 1, .ofs_y = 0},
    {.bitmap_index = 7569, .adv_w = 144, .box_w = 7, .box_h = 13, .ofs_x = 1, .ofs_y = 0},
    {.bitmap_index = 7615, .adv_w = 144, .box_w = 7, .box_h = 12, .ofs_x = 1, .ofs_y = 0},
    {.bitmap_index = 7657, .adv_w = 144, .box_w = 8, .box_h = 12, .ofs_x = 1, .ofs_y = 0},
    {.bitmap_index = 7705, .adv_w = 144, .box_w = 7, .box_h = 12, .ofs_x = 1, .ofs_y = 0},
    {.bitmap_index = 7747, .adv_w = 144, .box_w = 8, .box_h = 13, .ofs_x = 1, .ofs_y = 0},
    {.bitmap_index = 7799, .adv_w = 144, .box_w = 8, .box_h = 13, .ofs_x = 1, .ofs_y = 0},
    {.bitmap_index = 7851, .adv_w = 144, .box_w = 8, .box_h = 13, .ofs_x = 1, .ofs_y = 0},
    {.bitmap_index = 7903, .adv_w = 144, .box_w = 8, .box_h = 12, .ofs_x = 1, .ofs_y = 0},
    {.bitmap_index = 7951, .adv_w = 144, .box_w = 8, .box_h = 12, .ofs_x = 1, .ofs_y = 0},
    {.bitmap_index = 7999, .adv_w = 144, .box_w = 9, .box_h = 8, .ofs_x = 0, .ofs_y = 1},
    {.bitmap_index = 8035, .adv_w = 144, .box_w = 9, .box_h = 11, .ofs_x = 0, .ofs_y = -1},
    {.bitmap_index = 8085, .adv_w = 144, .box_w = 7, .box_h = 13, .ofs_x = 1, .ofs_y = 0},
    {.bitmap_index = 8131, .adv_w = 144, .box_w = 7, .box_h = 13, .ofs_x = 1, .ofs_y = 0},
    {.bitmap_index = 8177, .adv_w = 144, .box_w = 7, .box_h = 13, .ofs_x = 1, .ofs_y = 0},
    {.bitmap_index = 8223, .adv_w = 144, .box_w = 7, .box_h = 12, .ofs_x = 1, .ofs_y = 0},
    {.bitmap_index = 8265, .adv_w = 144, .box_w = 9, .box_h = 16, .ofs_x = 0, .ofs_y = -3},
    {.bitmap_index = 8337, .adv_w = 144, .box_w = 8, .box_h = 15, .ofs_x = 1, .ofs_y = -3},
    {.bitmap_index = 8397, .adv_w = 144, .box_w = 9, .box_h = 15, .ofs_x = 0, .ofs_y = -3},
    {.bitmap_index = 8465, .adv_w = 144, .box_w = 7, .box_h = 15, .ofs_x = 1, .ofs_y = -3},
    {.bitmap_index = 8518, .adv_w = 144, .box_w = 8, .box_h = 12, .ofs_x = 1, .ofs_y = 0},
    {.bitmap_index = 8566, .adv_w = 144, .box_w = 9, .box_h = 12, .ofs_x = 0, .ofs_y = 0},
    {.bitmap_index = 8620, .adv_w = 144, .box_w = 9, .box_h = 12, .ofs_x = 0, .ofs_y = 0},
    {.bitmap_index = 8674, .adv_w = 144, .box_w = 9, .box_h = 12, .ofs_x = 0, .ofs_y = 0},
    {.bitmap_index = 8728, .adv_w = 144, .box_w = 9, .box_h = 12, .ofs_x = 0, .ofs_y = 0},
    {.bitmap_index = 8782, .adv_w = 144, .box_w = 9, .box_h = 9, .ofs_x = 0, .ofs_y = 0},
    {.bitmap_index = 8823, .adv_w = 144, .box_w = 8, .box_h = 15, .ofs_x = 1, .ofs_y = -3},
    {.bitmap_index = 8883, .adv_w = 144, .box_w = 8, .box_h = 12, .ofs_x = 1, .ofs_y = 0},
    {.bitmap_index = 8931, .adv_w = 144, .box_w = 7, .box_h = 9, .ofs_x = 1, .ofs_y = 0},
    {.bitmap_index = 8963, .adv_w = 144, .box_w = 9, .box_h = 9, .ofs_x = 0, .ofs_y = 0},
    {.bitmap_index = 9004, .adv_w = 144, .box_w = 8, .box_h = 9, .ofs_x = 1, .ofs_y = 0},
    {.bitmap_index = 9040, .adv_w = 144, .box_w = 7, .box_h = 9, .ofs_x = 1, .ofs_y = 0},
    {.bitmap_index = 9072, .adv_w = 144, .box_w = 9, .box_h = 12, .ofs_x = 0, .ofs_y = -3},
    {.bitmap_index = 9126, .adv_w = 144, .box_w = 5, .box_h = 5, .ofs_x = 2, .ofs_y = 4},
    {.bitmap_index = 9139, .adv_w = 144, .box_w = 7, .box_h = 12, .ofs_x = 1, .ofs_y = 0},
    {.bitmap_index = 9181, .adv_w = 144, .box_w = 5, .box_h = 5, .ofs_x = 2, .ofs_y = 5},
    {.bitmap_index = 9194, .adv_w = 144, .box_w = 9, .box_h = 12, .ofs_x = 0, .ofs_y = 0},
    {.bitmap_index = 9248, .adv_w = 144, .box_w = 9, .box_h = 6, .ofs_x = 0, .ofs_y = 1},
    {.bitmap_index = 9275, .adv_w = 144, .box_w = 5, .box_h = 9, .ofs_x = 2, .ofs_y = 0},
    {.bitmap_index = 9298, .adv_w = 144, .box_w = 9, .box_h = 6, .ofs_x = 0, .ofs_y = 1},
    {.bitmap_index = 9325, .adv_w = 144, .box_w = 5, .box_h = 9, .ofs_x = 2, .ofs_y = 0},
    {.bitmap_index = 9348, .adv_w = 144, .box_w = 9, .box_h = 6, .ofs_x = 0, .ofs_y = 1},
    {.bitmap_index = 9375, .adv_w = 144, .box_w = 5, .box_h = 9, .ofs_x = 2, .ofs_y = 0},
    {.bitmap_index = 9398, .adv_w = 144, .box_w = 5, .box_h = 9, .ofs_x = 2, .ofs_y = 0},
    {.bitmap_index = 9421, .adv_w = 144, .box_w = 5, .box_h = 5, .ofs_x = 2, .ofs_y = 3},
    {.bitmap_index = 9434, .adv_w = 144, .box_w = 9, .box_h = 14, .ofs_x = 0, .ofs_y = -1},
    {.bitmap_index = 9497, .adv_w = 144, .box_w = 9, .box_h = 7, .ofs_x = 0, .ofs_y = 1},
    {.bitmap_index = 9529, .adv_w = 144, .box_w = 9, .box_h = 8, .ofs_x = 0, .ofs_y = 2},
    {.bitmap_index = 9565, .adv_w = 144, .box_w = 7, .box_h = 9, .ofs_x = 1, .ofs_y = 0},
    {.bitmap_index = 9597, .adv_w = 144, .box_w = 9, .box_h = 6, .ofs_x = 0, .ofs_y = 2},
    {.bitmap_index = 9624, .adv_w = 144, .box_w = 9, .box_h = 7, .ofs_x = 0, .ofs_y = 1},
    {.bitmap_index = 9656, .adv_w = 144, .box_w = 9, .box_h = 8, .ofs_x = 0, .ofs_y = 0},
    {.bitmap_index = 9692, .adv_w = 144, .box_w = 9, .box_h = 8, .ofs_x = 0, .ofs_y = 0},
    {.bitmap_index = 9728, .adv_w = 144, .box_w = 7, .box_h = 9, .ofs_x = 1, .ofs_y = 0},
    {.bitmap_index = 9760, .adv_w = 144, .box_w = 9, .box_h = 5, .ofs_x = 0, .ofs_y = 2},
    {.bitmap_index = 9783, .adv_w = 144, .box_w = 6, .box_h = 16, .ofs_x = 3, .ofs_y = -4},
    {.bitmap_index = 9831, .adv_w = 144, .box_w = 6, .box_h = 16, .ofs_x = 0, .ofs_y = -4},
    {.bitmap_index = 9879, .adv_w = 144, .box_w = 11, .box_h = 2, .ofs_x = -1, .ofs_y = 3},
    {.bitmap_index = 9890, .adv_w = 144, .box_w = 11, .box_h = 3, .ofs_x = -1, .ofs_y = 3},
    {.bitmap_index = 9907, .adv_w = 144, .box_w = 3, .box_h = 20, .ofs_x = 3, .ofs_y = -5},
    {.bitmap_index = 9937, .adv_w = 144, .box_w = 3, .box_h = 20, .ofs_x = 3, .ofs_y = -5},
    {.bitmap_index = 9967, .adv_w = 144, .box_w = 11, .box_h = 2, .ofs_x = -1, .ofs_y = 3},
    {.bitmap_index = 9978, .adv_w = 144, .box_w = 11, .box_h = 3, .ofs_x = -1, .ofs_y = 3},
    {.bitmap_index = 9995, .adv_w = 144, .box_w = 3, .box_h = 20, .ofs_x = 3, .ofs_y = -5},
    {.bitmap_index = 10025, .adv_w = 144, .box_w = 3, .box_h = 20, .ofs_x = 3, .ofs_y = -5},
    {.bitmap_index = 10055, .adv_w = 144, .box_w = 11, .box_h = 2, .ofs_x = -1, .ofs_y = 3},
    {.bitmap_index = 10066, .adv_w = 144, .box_w = 11, .box_h = 3, .ofs_x = -1, .ofs_y = 3},
    {.bitmap_index = 10083, .adv_w = 144, .box_w = 3, .box_h = 20, .ofs_x = 3, .ofs_y = -5},
    {.bitmap_index = 10113, .adv_w = 144, .box_w = 3, .box_h = 20, .ofs_x = 3, .ofs_y = -5},
    {.bitmap_index = 10143, .adv_w = 144, .box_w = 7, .box_h = 10, .ofs_x = 3, .ofs_y = -5},
    {.bitmap_index = 10178, .adv_w = 144, .box_w = 7, .box_h = 11, .ofs_x = 3, .ofs_y = -5},
    {.bitmap_index = 10217, .adv_w = 144, .box_w = 7, .box_h = 10, .ofs_x = 3, .ofs_y = -5},
    {.bitmap_index = 10252, .adv_w = 144, .box_w = 7, .box_h = 11, .ofs_x = 3, .ofs_y = -5},
    {.bitmap_index = 10291, .adv_w = 144, .box_w = 7, .box_h = 10, .ofs_x = -1, .ofs_y = -5},
    {.bitmap_index = 10326, .adv_w = 144, .box_w = 7, .box_h = 11, .ofs_x = -1, .ofs_y = -5},
    {.bitmap_index = 10365, .adv_w = 144, .box_w = 6, .box_h = 10, .ofs_x = 0, .ofs_y = -5},
    {.bitmap_index = 10395, .adv_w = 144, .box_w = 6, .box_h = 11, .ofs_x = 0, .ofs_y = -5},
    {.bitmap_index = 10428, .adv_w = 144, .box_w = 7, .box_h = 12, .ofs_x = 3, .ofs_y = 3},
    {.bitmap_index = 10470, .adv_w = 144, .box_w = 7, .box_h = 12, .ofs_x = 3, .ofs_y = 3},
    {.bitmap_index = 10512, .adv_w = 144, .box_w = 7, .box_h = 12, .ofs_x = 3, .ofs_y = 3},
    {.bitmap_index = 10554, .adv_w = 144, .box_w = 7, .box_h = 12, .ofs_x = 3, .ofs_y = 3},
    {.bitmap_index = 10596, .adv_w = 144, .box_w = 7, .box_h = 12, .ofs_x = -1, .ofs_y = 3},
    {.bitmap_index = 10638, .adv_w = 144, .box_w = 7, .box_h = 12, .ofs_x = -1, .ofs_y = 3},
    {.bitmap_index = 10680, .adv_w = 144, .box_w = 6, .box_h = 12, .ofs_x = 0, .ofs_y = 3},
    {.bitmap_index = 10716, .adv_w = 144, .box_w = 6, .box_h = 12, .ofs_x = 0, .ofs_y = 3},
    {.bitmap_index = 10752, .adv_w = 144, .box_w = 7, .box_h = 20, .ofs_x = 3, .ofs_y = -5},
    {.bitmap_index = 10822, .adv_w = 144, .box_w = 7, .box_h = 20, .ofs_x = 3, .ofs_y = -5},
    {.bitmap_index = 10892, .adv_w = 144, .box_w = 7, .box_h = 20, .ofs_x = 3, .ofs_y = -5},
    {.bitmap_index = 10962, .adv_w = 144, .box_w = 7, .box_h = 20, .ofs_x = 3, .ofs_y = -5},
    {.bitmap_index = 11032, .adv_w = 144, .box_w = 7, .box_h = 20, .ofs_x = 3, .ofs_y = -5},
    {.bitmap_index = 11102, .adv_w = 144, .box_w = 7, .box_h = 20, .ofs_x = 3, .ofs_y = -5},
    {.bitmap_index = 11172, .adv_w = 144, .box_w = 7, .box_h = 20, .ofs_x = 3, .ofs_y = -5},
    {.bitmap_index = 11242, .adv_w = 144, .box_w = 7, .box_h = 20, .ofs_x = 3, .ofs_y = -5},
    {.bitmap_index = 11312, .adv_w = 144, .box_w = 7, .box_h = 20, .ofs_x = -1, .ofs_y = -5},
    {.bitmap_index = 11382, .adv_w = 144, .box_w = 7, .box_h = 20, .ofs_x = -1, .ofs_y = -5},
    {.bitmap_index = 11452, .adv_w = 144, .box_w = 6, .box_h = 20, .ofs_x = 0, .ofs_y = -5},
    {.bitmap_index = 11512, .adv_w = 144, .box_w = 6, .box_h = 20, .ofs_x = 0, .ofs_y = -5},
    {.bitmap_index = 11572, .adv_w = 144, .box_w = 6, .box_h = 20, .ofs_x = 0, .ofs_y = -5},
    {.bitmap_index = 11632, .adv_w = 144, .box_w = 6, .box_h = 20, .ofs_x = 0, .ofs_y = -5},
    {.bitmap_index = 11692, .adv_w = 144, .box_w = 6, .box_h = 20, .ofs_x = 0, .ofs_y = -5},
    {.bitmap_index = 11752, .adv_w = 144, .box_w = 6, .box_h = 20, .ofs_x = 0, .ofs_y = -5},
    {.bitmap_index = 11812, .adv_w = 144, .box_w = 11, .box_h = 10, .ofs_x = -1, .ofs_y = -5},
    {.bitmap_index = 11867, .adv_w = 144, .box_w = 11, .box_h = 11, .ofs_x = -1, .ofs_y = -5},
    {.bitmap_index = 11928, .adv_w = 144, .box_w = 11, .box_h = 11, .ofs_x = -1, .ofs_y = -5},
    {.bitmap_index = 11989, .adv_w = 144, .box_w = 11, .box_h = 11, .ofs_x = -1, .ofs_y = -5},
    {.bitmap_index = 12050, .adv_w = 144, .box_w = 10, .box_h = 10, .ofs_x = 0, .ofs_y = -5},
    {.bitmap_index = 12100, .adv_w = 144, .box_w = 10, .box_h = 11, .ofs_x = 0, .ofs_y = -5},
    {.bitmap_index = 12155, .adv_w = 144, .box_w = 10, .box_h = 11, .ofs_x = 0, .ofs_y = -5},
    {.bitmap_index = 12210, .adv_w = 144, .box_w = 11, .box_h = 11, .ofs_x = -1, .ofs_y = -5},
    {.bitmap_index = 12271, .adv_w = 144, .box_w = 11, .box_h = 12, .ofs_x = -1, .ofs_y = 3},
    {.bitmap_index = 12337, .adv_w = 144, .box_w = 11, .box_h = 12, .ofs_x = -1, .ofs_y = 3},
    {.bitmap_index = 12403, .adv_w = 144, .box_w = 11, .box_h = 12, .ofs_x = -1, .ofs_y = 3},
    {.bitmap_index = 12469, .adv_w = 144, .box_w = 11, .box_h = 12, .ofs_x = -1, .ofs_y = 3},
    {.bitmap_index = 12535, .adv_w = 144, .box_w = 10, .box_h = 12, .ofs_x = 0, .ofs_y = 3},
    {.bitmap_index = 12595, .adv_w = 144, .box_w = 10, .box_h = 12, .ofs_x = 0, .ofs_y = 3},
    {.bitmap_index = 12655, .adv_w = 144, .box_w = 10, .box_h = 12, .ofs_x = 0, .ofs_y = 3},
    {.bitmap_index = 12715, .adv_w = 144, .box_w = 10, .box_h = 12, .ofs_x = 0, .ofs_y = 3},
    {.bitmap_index = 12775, .adv_w = 144, .box_w = 11, .box_h = 20, .ofs_x = -1, .ofs_y = -5},
    {.bitmap_index = 12885, .adv_w = 144, .box_w = 11, .box_h = 20, .ofs_x = -1, .ofs_y = -5},
    {.bitmap_index = 12995, .adv_w = 144, .box_w = 11, .box_h = 20, .ofs_x = -1, .ofs_y = -5},
    {.bitmap_index = 13105, .adv_w = 144, .box_w = 11, .box_h = 20, .ofs_x = -1, .ofs_y = -5},
    {.bitmap_index = 13215, .adv_w = 144, .box_w = 10, .box_h = 20, .ofs_x = 0, .ofs_y = -5},
    {.bitmap_index = 13315, .adv_w = 144, .box_w = 10, .box_h = 20, .ofs_x = 0, .ofs_y = -5},
    {.bitmap_index = 13415, .adv_w = 144, .box_w = 10, .box_h = 20, .ofs_x = 0, .ofs_y = -5},
    {.bitmap_index = 13515, .adv_w = 144, .box_w = 10, .box_h = 20, .ofs_x = 0, .ofs_y = -5},
    {.bitmap_index = 13615, .adv_w = 144, .box_w = 10, .box_h = 20, .ofs_x = 0, .ofs_y = -5},
    {.bitmap_index = 13715, .adv_w = 144, .box_w = 10, .box_h = 20, .ofs_x = 0, .ofs_y = -5},
    {.bitmap_index = 13815, .adv_w = 144, .box_w = 10, .box_h = 20, .ofs_x = 0, .ofs_y = -5},
    {.bitmap_index = 13915, .adv_w = 144, .box_w = 10, .box_h = 20, .ofs_x = 0, .ofs_y = -5},
    {.bitmap_index = 14015, .adv_w = 144, .box_w = 11, .box_h = 20, .ofs_x = -1, .ofs_y = -5},
    {.bitmap_index = 14125, .adv_w = 144, .box_w = 10, .box_h = 20, .ofs_x = 0, .ofs_y = -5},
    {.bitmap_index = 14225, .adv_w = 144, .box_w = 10, .box_h = 20, .ofs_x = 0, .ofs_y = -5},
    {.bitmap_index = 14325, .adv_w = 144, .box_w = 10, .box_h = 20, .ofs_x = 0, .ofs_y = -5},
    {.bitmap_index = 14425, .adv_w = 144, .box_w = 11, .box_h = 2, .ofs_x = -1, .ofs_y = 3},
    {.bitmap_index = 14436, .adv_w = 144, .box_w = 11, .box_h = 3, .ofs_x = -1, .ofs_y = 3},
    {.bitmap_index = 14453, .adv_w = 144, .box_w = 3, .box_h = 20, .ofs_x = 3, .ofs_y = -5},
    {.bitmap_index = 14483, .adv_w = 144, .box_w = 3, .box_h = 20, .ofs_x = 3, .ofs_y = -5},
    {.bitmap_index = 14513, .adv_w = 144, .box_w = 11, .box_h = 5, .ofs_x = -1, .ofs_y = 2},
    {.bitmap_index = 14541, .adv_w = 144, .box_w = 5, .box_h = 20, .ofs_x = 2, .ofs_y = -5},
    {.bitmap_index = 14591, .adv_w = 144, .box_w = 7, .box_h = 12, .ofs_x = 3, .ofs_y = -5},
    {.bitmap_index = 14633, .adv_w = 144, .box_w = 8, .box_h = 10, .ofs_x = 2, .ofs_y = -5},
    {.bitmap_index = 14673, .adv_w = 144, .box_w = 8, .box_h = 12, .ofs_x = 2, .ofs_y = -5},
    {.bitmap_index = 14721, .adv_w = 144, .box_w = 7, .box_h = 12, .ofs_x = -1, .ofs_y = -5},
    {.bitmap_index = 14763, .adv_w = 144, .box_w = 8, .box_h = 10, .ofs_x = -1, .ofs_y = -5},
    {.bitmap_index = 14803, .adv_w = 144, .box_w = 8, .box_h = 12, .ofs_x = -1, .ofs_y = -5},
    {.bitmap_index = 14851, .adv_w = 144, .box_w = 7, .box_h = 13, .ofs_x = 3, .ofs_y = 2},
    {.bitmap_index = 14897, .adv_w = 144, .box_w = 8, .box_h = 12, .ofs_x = 2, .ofs_y = 3},
    {.bitmap_index = 14945, .adv_w = 144, .box_w = 8, .box_h = 13, .ofs_x = 2, .ofs_y = 2},
    {.bitmap_index = 14997, .adv_w = 144, .box_w = 7, .box_h = 13, .ofs_x = -1, .ofs_y = 2},
    {.bitmap_index = 15043, .adv_w = 144, .box_w = 8, .box_h = 12, .ofs_x = -1, .ofs_y = 3},
    {.bitmap_index = 15091, .adv_w = 144, .box_w = 8, .box_h = 13, .ofs_x = -1, .ofs_y = 2},
    {.bitmap_index = 15143, .adv_w = 144, .box_w = 7, .box_h = 20, .ofs_x = 3, .ofs_y = -5},
    {.bitmap_index = 15213, .adv_w = 144, .box_w = 8, .box_h = 20, .ofs_x = 2, .ofs_y = -5},
    {.bitmap_index = 15293, .adv_w = 144, .box_w = 8, .box_h = 20, .ofs_x = 2, .ofs_y = -5},
    {.bitmap_index = 15373, .adv_w = 144, .box_w = 7, .box_h = 20, .ofs_x = -1, .ofs_y = -5},
    {.bitmap_index = 15443, .adv_w = 144, .box_w = 8, .box_h = 20, .ofs_x = -1, .ofs_y = -5},
    {.bitmap_index = 15523, .adv_w = 144, .box_w = 8, .box_h = 20, .ofs_x = -1, .ofs_y = -5},
    {.bitmap_index = 15603, .adv_w = 144, .box_w = 11, .box_h = 12, .ofs_x = -1, .ofs_y = -5},
    {.bitmap_index = 15669, .adv_w = 144, .box_w = 11, .box_h = 10, .ofs_x = -1, .ofs_y = -5},
    {.bitmap_index = 15724, .adv_w = 144, .box_w = 11, .box_h = 12, .ofs_x = -1, .ofs_y = -5},
    {.bitmap_index = 15790, .adv_w = 144, .box_w = 11, .box_h = 13, .ofs_x = -1, .ofs_y = 2},
    {.bitmap_index = 15862, .adv_w = 144, .box_w = 11, .box_h = 12, .ofs_x = -1, .ofs_y = 3},
    {.bitmap_index = 15928, .adv_w = 144, .box_w = 11, .box_h = 13, .ofs_x = -1, .ofs_y = 2},
    {.bitmap_index = 16000, .adv_w = 144, .box_w = 11, .box_h = 20, .ofs_x = -1, .ofs_y = -5},
    {.bitmap_index = 16110, .adv_w = 144, .box_w = 11, .box_h = 20, .ofs_x = -1, .ofs_y = -5},
    {.bitmap_index = 16220, .adv_w = 144, .box_w = 11, .box_h = 20, .ofs_x = -1, .ofs_y = -5},
    {.bitmap_index = 16330, .adv_w = 144, .box_w = 7, .box_h = 10, .ofs_x = 3, .ofs_y = -5},
    {.bitmap_index = 16365, .adv_w = 144, .box_w = 7, .box_h = 10, .ofs_x = -1, .ofs_y = -5},
    {.bitmap_index = 16400, .adv_w = 144, .box_w = 7, .box_h = 12, .ofs_x = -1, .ofs_y = 3},
    {.bitmap_index = 16442, .adv_w = 144, .box_w = 7, .box_h = 12, .ofs_x = 3, .ofs_y = 3},
    {.bitmap_index = 16484, .adv_w = 144, .box_w = 11, .box_h = 20, .ofs_x = -1, .ofs_y = -5},
    {.bitmap_index = 16594, .adv_w = 144, .box_w = 11, .box_h = 20, .ofs_x = -1, .ofs_y = -5},
    {.bitmap_index = 16704, .adv_w = 144, .box_w = 11, .box_h = 20, .ofs_x = -1, .ofs_y = -5},
    {.bitmap_index = 16814, .adv_w = 144, .box_w = 6, .box_h = 2, .ofs_x = -1, .ofs_y = 3},
    {.bitmap_index = 16820, .adv_w = 144, .box_w = 3, .box_h = 11, .ofs_x = 3, .ofs_y = 4},
    {.bitmap_index = 16837, .adv_w = 144, .box_w = 6, .box_h = 2, .ofs_x = 4, .ofs_y = 3},
    {.bitmap_index = 16843, .adv_w = 144, .box_w = 3, .box_h = 10, .ofs_x = 3, .ofs_y = -5},
    {.bitmap_index = 16858, .adv_w = 144, .box_w = 6, .box_h = 3, .ofs_x = -1, .ofs_y = 3},
    {.bitmap_index = 16867, .adv_w = 144, .box_w = 3, .box_h = 11, .ofs_x = 3, .ofs_y = 4},
    {.bitmap_index = 16884, .adv_w = 144, .box_w = 6, .box_h = 3, .ofs_x = 4, .ofs_y = 3},
    {.bitmap_index = 16893, .adv_w = 144, .box_w = 3, .box_h = 10, .ofs_x = 3, .ofs_y = -5},
    {.bitmap_index = 16908, .adv_w = 144, .box_w = 11, .box_h = 3, .ofs_x = -1, .ofs_y = 3},
    {.bitmap_index = 16925, .adv_w = 144, .box_w = 3, .box_h = 20, .ofs_x = 3, .ofs_y = -5},
    {.bitmap_index = 16955, .adv_w = 144, .box_w = 11, .box_h = 3, .ofs_x = -1, .ofs_y = 3},
    {.bitmap_index = 16972, .adv_w = 144, .box_w = 3, .box_h = 20, .ofs_x = 3, .ofs_y = -5},
    {.bitmap_index = 17002, .adv_w = 144, .box_w = 11, .box_h = 9, .ofs_x = -1, .ofs_y = 3},
    {.bitmap_index = 17052, .adv_w = 144, .box_w = 11, .box_h = 3, .ofs_x = -1, .ofs_y = -4},
    {.bitmap_index = 17069, .adv_w = 144, .box_w = 11, .box_h = 5, .ofs_x = -1, .ofs_y = -4},
    {.bitmap_index = 17097, .adv_w = 144, .box_w = 11, .box_h = 6, .ofs_x = -1, .ofs_y = -4},
    {.bitmap_index = 17130, .adv_w = 144, .box_w = 11, .box_h = 8, .ofs_x = -1, .ofs_y = -4},
    {.bitmap_index = 17174, .adv_w = 144, .box_w = 11, .box_h = 10, .ofs_x = -1, .ofs_y = -4},
    {.bitmap_index = 17229, .adv_w = 144, .box_w = 11, .box_h = 12, .ofs_x = -1, .ofs_y = -4},
    {.bitmap_index = 17295, .adv_w = 144, .box_w = 11, .box_h = 14, .ofs_x = -1, .ofs_y = -4},
    {.bitmap_index = 17372, .adv_w = 144, .box_w = 11, .box_h = 16, .ofs_x = -1, .ofs_y = -4},
    {.bitmap_index = 17460, .adv_w = 144, .box_w = 10, .box_h = 16, .ofs_x = -1, .ofs_y = -4},
    {.bitmap_index = 17540, .adv_w = 144, .box_w = 8, .box_h = 16, .ofs_x = -1, .ofs_y = -4},
    {.bitmap_index = 17604, .adv_w = 144, .box_w = 7, .box_h = 16, .ofs_x = -1, .ofs_y = -4},
    {.bitmap_index = 17660, .adv_w = 144, .box_w = 6, .box_h = 16, .ofs_x = -1, .ofs_y = -4},
    {.bitmap_index = 17708, .adv_w = 144, .box_w = 5, .box_h = 16, .ofs_x = -1, .ofs_y = -4},
    {.bitmap_index = 17748, .adv_w = 144, .box_w = 4, .box_h = 16, .ofs_x = -1, .ofs_y = -4},
    {.bitmap_index = 17780, .adv_w = 144, .box_w = 3, .box_h = 16, .ofs_x = -1, .ofs_y = -4},
    {.bitmap_index = 17804, .adv_w = 144, .box_w = 6, .box_h = 16, .ofs_x = 4, .ofs_y = -4},
    {.bitmap_index = 17852, .adv_w = 144, .box_w = 10, .box_h = 16, .ofs_x = -1, .ofs_y = -4},
    {.bitmap_index = 17932, .adv_w = 144, .box_w = 11, .box_h = 16, .ofs_x = -1, .ofs_y = -4},
    {.bitmap_index = 18020, .adv_w = 144, .box_w = 11, .box_h = 16, .ofs_x = -1, .ofs_y = -4},
    {.bitmap_index = 18108, .adv_w = 144, .box_w = 11, .box_h = 3, .ofs_x = -1, .ofs_y = 9},
    {.bitmap_index = 18125, .adv_w = 144, .box_w = 2, .box_h = 16, .ofs_x = 8, .ofs_y = -4},
    {.bitmap_index = 18141, .adv_w = 144, .box_w = 6, .box_h = 8, .ofs_x = -1, .ofs_y = -4},
    {.bitmap_index = 18165, .adv_w = 144, .box_w = 6, .box_h = 8, .ofs_x = 4, .ofs_y = -4},
    {.bitmap_index = 18189, .adv_w = 144, .box_w = 6, .box_h = 9, .ofs_x = -1, .ofs_y = 3},
    {.bitmap_index = 18216, .adv_w = 144, .box_w = 11, .box_h = 16, .ofs_x = -1, .ofs_y = -4},
    {.bitmap_index = 18304, .adv_w = 144, .box_w = 11, .box_h = 16, .ofs_x = -1, .ofs_y = -4},
    {.bitmap_index = 18392, .adv_w = 144, .box_w = 11, .box_h = 16, .ofs_x = -1, .ofs_y = -4},
    {.bitmap_index = 18480, .adv_w = 144, .box_w = 11, .box_h = 16, .ofs_x = -1, .ofs_y = -4},
    {.bitmap_index = 18568, .adv_w = 144, .box_w = 6, .box_h = 9, .ofs_x = 4, .ofs_y = 3},
    {.bitmap_index = 18595, .adv_w = 144, .box_w = 11, .box_h = 16, .ofs_x = -1, .ofs_y = -4},
    {.bitmap_index = 18683, .adv_w = 144, .box_w = 11, .box_h = 16, .ofs_x = -1, .ofs_y = -4},
    {.bitmap_index = 18771, .adv_w = 144, .box_w = 9, .box_h = 10, .ofs_x = 0, .ofs_y = -1},
    {.bitmap_index = 18816, .adv_w = 144, .box_w = 9, .box_h = 6, .ofs_x = 0, .ofs_y = 1},
    {.bitmap_index = 18843, .adv_w = 144, .box_w = 9, .box_h = 10, .ofs_x = 0, .ofs_y = -1},
    {.bitmap_index = 18888, .adv_w = 144, .box_w = 9, .box_h = 7, .ofs_x = 0, .ofs_y = 0},
    {.bitmap_index = 18920, .adv_w = 144, .box_w = 9, .box_h = 10, .ofs_x = 0, .ofs_y = -1},
    {.bitmap_index = 18965, .adv_w = 144, .box_w = 9, .box_h = 7, .ofs_x = 0, .ofs_y = 0},
    {.bitmap_index = 18997, .adv_w = 144, .box_w = 9, .box_h = 10, .ofs_x = 0, .ofs_y = -1},
    {.bitmap_index = 19042, .adv_w = 144, .box_w = 11, .box_h = 13, .ofs_x = -1, .ofs_y = -1},
    {.bitmap_index = 19114, .adv_w = 144, .box_w = 11, .box_h = 16, .ofs_x = -1, .ofs_y = -4},
    {.bitmap_index = 19202, .adv_w = 144, .box_w = 9, .box_h = 9, .ofs_x = 0, .ofs_y = 1},
    {.bitmap_index = 19243, .adv_w = 144, .box_w = 9, .box_h = 9, .ofs_x = 0, .ofs_y = 1},
    {.bitmap_index = 19284, .adv_w = 144, .box_w = 10, .box_h = 9, .ofs_x = 0, .ofs_y = 1},
    {.bitmap_index = 19329, .adv_w = 144, .box_w = 7, .box_h = 11, .ofs_x = 1, .ofs_y = -1},
    {.bitmap_index = 19368, .adv_w = 144, .box_w = 9, .box_h = 9, .ofs_x = 0, .ofs_y = 1},
    {.bitmap_index = 19409, .adv_w = 144, .box_w = 9, .box_h = 10, .ofs_x = 0, .ofs_y = 0},
    {.bitmap_index = 19454, .adv_w = 144, .box_w = 9, .box_h = 10, .ofs_x = 0, .ofs_y = 0},
    {.bitmap_index = 19499, .adv_w = 144, .box_w = 9, .box_h = 10, .ofs_x = 0, .ofs_y = 0},
    {.bitmap_index = 19544, .adv_w = 144, .box_w = 7, .box_h = 10, .ofs_x = 1, .ofs_y = 0},
    {.bitmap_index = 19579, .adv_w = 144, .box_w = 7, .box_h = 11, .ofs_x = 1, .ofs_y = 0},
    {.bitmap_index = 19618, .adv_w = 144, .box_w = 9, .box_h = 13, .ofs_x = 0, .ofs_y = -2}
};

/*---------------------
 *  CHARACTER MAPPING
 *--------------------*/

static const uint16_t unicode_list_2[] = {
    0x0, 0x201, 0x206, 0x211, 0x214, 0x217, 0x21f, 0x220,
    0x222, 0x223, 0x22e, 0x231, 0x232, 0x234, 0x1e90, 0x1eaa,
    0x1eed, 0x1f15, 0x1ffe, 0x1fff, 0x2000, 0x2001, 0x2002, 0x2003,
    0x2016, 0x2087, 0x2088, 0x208c, 0x208d, 0x2097, 0x20b6, 0x20cf,
    0x20d2, 0x20d3, 0x2170, 0x217e, 0x218e, 0x218f
};

static const uint16_t unicode_list_4[] = {
    0x0, 0x6, 0xe, 0x10, 0x18, 0x1f, 0x2c, 0x2d,
    0x8e, 0x8f, 0x90, 0x94, 0x96, 0xb4, 0xb7, 0xb9,
    0xba, 0xbe, 0xbf
};

/*Collect the unicode lists and glyph_id offsets*/
static const lv_font_fmt_txt_cmap_t cmaps[] =
{
    {
        .range_start = 32, .range_length = 95, .glyph_id_start = 1,
        .unicode_list = NULL, .glyph_id_ofs_list = NULL, .list_length = 0, .type = LV_FONT_FMT_TXT_CMAP_FORMAT0_TINY
    },
    {
        .range_start = 160, .range_length = 96, .glyph_id_start = 96,
        .unicode_list = NULL, .glyph_id_ofs_list = NULL, .list_length = 0, .type = LV_FONT_FMT_TXT_CMAP_FORMAT0_TINY
    },
    {
        .range_start = 402, .range_length = 8592, .glyph_id_start = 192,
        .unicode_list = unicode_list_2, .glyph_id_ofs_list = NULL, .list_length = 38, .type = LV_FONT_FMT_TXT_CMAP_SPARSE_TINY
    },
    {
        .range_start = 9472, .range_length = 161, .glyph_id_start = 230,
        .unicode_list = NULL, .glyph_id_ofs_list = NULL, .list_length = 0, .type = LV_FONT_FMT_TXT_CMAP_FORMAT0_TINY
    },
    {
        .range_start = 9644, .range_length = 192, .glyph_id_start = 391,
        .unicode_list = unicode_list_4, .glyph_id_ofs_list = NULL, .list_length = 19, .type = LV_FONT_FMT_TXT_CMAP_SPARSE_TINY
    }
};



/*--------------------
 *  ALL CUSTOM DATA
 *--------------------*/

#if LVGL_VERSION_MAJOR == 8
/*Store all the custom data of the font*/
static  lv_font_fmt_txt_glyph_cache_t cache;
#endif

#if LVGL_VERSION_MAJOR >= 8
static const lv_font_fmt_txt_dsc_t font_dsc = {
#else
static lv_font_fmt_txt_dsc_t font_dsc = {
#endif
    .glyph_bitmap = glyph_bitmap,
    .glyph_dsc = glyph_dsc,
    .cmaps = cmaps,
    .kern_dsc = NULL,
    .kern_scale = 0,
    .cmap_num = 5,
    .bpp = 4,
    .kern_classes = 0,
    .bitmap_format = 0,
#if LVGL_VERSION_MAJOR == 8
    .cache = &cache
#endif
};



/*-----------------
 *  PUBLIC FONT
 *----------------*/

/*Initialize a public general font descriptor*/
#if LVGL_VERSION_MAJOR >= 8
const lv_font_t acid_mono_15 = {
#else
lv_font_t acid_mono_15 = {
#endif
    .get_glyph_dsc = lv_font_get_glyph_dsc_fmt_txt,    /*Function pointer to get glyph's data*/
    .get_glyph_bitmap = lv_font_get_bitmap_fmt_txt,    /*Function pointer to get glyph's bitmap*/
    .line_height = 20,          /*The maximum line height required by the font*/
    .base_line = 5,             /*Baseline measured from the bottom of the line*/
#if !(LVGL_VERSION_MAJOR == 6 && LVGL_VERSION_MINOR == 0)
    .subpx = LV_FONT_SUBPX_NONE,
#endif
#if LV_VERSION_CHECK(7, 4, 0) || LVGL_VERSION_MAJOR >= 8
    .underline_position = -1,
    .underline_thickness = 1,
#endif
    .dsc = &font_dsc,          /*The custom font data. Will be accessed by `get_glyph_bitmap/dsc` */
#if LV_VERSION_CHECK(8, 2, 0) || LVGL_VERSION_MAJOR >= 9
    .fallback = NULL,
#endif
    .user_data = NULL,
};



#endif /*#if ACID_MONO_15*/

